crop,soil_type,season,area,N,P,K,ph,rainfall,yield_per_acre,total_yield
Rice (Paddy),Loamy,kharif,3.6,134.0,56.4,48.4,5.27,230.2,21.82,78.54
Rice (Paddy),Red,rabi,1.8,128.2,74.7,24.5,7.68,268.2,21.08,37.95
Rice (Paddy),Black,rabi,1.1,58.3,52.6,45.9,5.13,353.7,18.31,20.14
Rice (Paddy),Sandy Loam,zaid,6.4,154.3,49.5,70.5,6.84,228.1,26.15,167.36
Rice (Paddy),Black,kharif,14.5,136.8,40.8,29.7,6.85,225.6,25.34,367.36
Rice (Paddy),Red,rabi,6.5,74.2,64.9,47.2,5.56,256.2,19.75,128.35
Rice (Paddy),Clayey,zaid,12.8,101.0,45.6,74.1,6.96,198.4,23.85,305.28
Rice (Paddy),Sandy Loam,kharif,6.4,83.1,68.8,43.6,5.76,250.2,24.97,159.83
Rice (Paddy),Alluvial,kharif,12.2,63.5,77.3,65.8,5.54,121.3,20.8,253.79
Rice (Paddy),Red,zaid,11.8,63.4,43.7,30.7,7.33,269.6,20.49,241.82
Rice (Paddy),Black,kharif,1.9,87.1,41.9,63.5,6.72,332.9,21.87,41.56
Rice (Paddy),Sandy Loam,zaid,11.7,112.1,65.7,50.9,6.41,222.6,25.6,299.46
Rice (Paddy),Black,kharif,3.8,145.6,49.9,54.6,6.88,153.4,26.84,101.98
Rice (Paddy),Clayey,kharif,2.1,85.0,33.1,74.2,7.18,272.0,23.71,49.79
Rice (Paddy),Sandy Loam,rabi,13.4,88.4,31.0,43.6,7.45,185.3,19.08,255.68
Rice (Paddy),Sandy Loam,zaid,6.8,78.2,30.9,42.6,7.55,197.6,18.59,126.43
Rice (Paddy),Alluvial,kharif,1.9,81.4,37.7,61.8,6.92,155.5,21.95,41.71
Rice (Paddy),Clayey,kharif,9.9,124.1,52.9,48.5,6.49,262.2,26.54,262.71
Rice (Paddy),Red,zaid,4.4,136.3,49.7,77.1,6.08,315.9,25.69,113.03
Rice (Paddy),Red,rabi,10.7,141.8,41.9,36.3,6.92,314.3,25.82,276.25
Rice (Paddy),Loamy,zaid,3.4,125.1,45.2,74.6,5.37,201.9,22.37,76.07
Rice (Paddy),Loamy,rabi,14.8,107.7,38.5,77.8,7.61,254.0,21.39,316.58
Rice (Paddy),Red,zaid,5.7,90.9,63.3,72.5,7.4,307.2,20.06,114.37
Rice (Paddy),Loamy,rabi,10.4,114.1,44.4,74.8,7.63,188.1,21.29,221.41
Rice (Paddy),Sandy Loam,rabi,7.8,100.8,77.7,33.9,5.05,238.5,19.85,154.87
Rice (Paddy),Red,kharif,5.3,110.3,51.7,58.5,5.68,261.6,21.93,116.24
Rice (Paddy),Sandy Loam,kharif,7.8,146.6,47.7,43.2,6.74,280.5,25.87,201.76
Rice (Paddy),Red,zaid,11.8,60.4,77.7,49.6,5.75,332.0,21.29,251.26
Rice (Paddy),Loamy,kharif,14.3,89.1,54.1,55.1,7.65,138.1,18.82,269.15
Rice (Paddy),Alluvial,zaid,3.4,111.7,74.6,61.7,6.54,143.3,24.41,83.0
Rice (Paddy),Sandy Loam,zaid,3.0,107.8,71.4,64.1,6.88,288.6,22.0,66.0
Rice (Paddy),Black,zaid,4.6,117.2,28.9,24.8,6.7,166.6,23.69,108.97
Rice (Paddy),Sandy Loam,rabi,13.5,89.8,44.6,29.5,6.56,128.6,26.57,358.69
Rice (Paddy),Clayey,rabi,9.3,59.1,26.5,68.5,5.97,150.5,19.45,180.86
Rice (Paddy),Alluvial,kharif,4.8,152.5,49.0,69.5,5.52,218.7,23.87,114.58
Rice (Paddy),Clayey,rabi,8.2,88.3,67.0,39.0,6.19,138.8,24.41,200.2
Rice (Paddy),Clayey,rabi,14.5,139.6,61.7,46.4,5.47,157.5,24.32,352.59
Rice (Paddy),Alluvial,kharif,4.9,151.5,64.0,54.2,6.65,220.7,24.84,121.71
Rice (Paddy),Loamy,rabi,6.0,131.8,25.3,30.7,5.12,129.8,22.6,135.58
Rice (Paddy),Loamy,rabi,11.7,136.7,43.0,49.4,6.75,131.5,26.76,313.04
Rice (Paddy),Sandy Loam,kharif,13.4,82.1,25.3,74.4,6.35,249.5,25.3,339.01
Rice (Paddy),Black,kharif,13.1,119.6,67.4,60.7,6.55,150.8,27.56,361.04
Rice (Paddy),Clayey,zaid,12.5,118.6,68.4,59.4,5.56,185.8,22.57,282.07
Rice (Paddy),Clayey,zaid,9.7,89.7,59.6,45.1,6.84,201.7,21.33,206.92
Rice (Paddy),Red,kharif,7.9,125.3,43.1,74.6,5.11,220.3,21.8,172.25
Rice (Paddy),Clayey,kharif,9.0,113.6,63.6,31.3,5.68,259.3,23.98,215.82
Rice (Paddy),Sandy Loam,kharif,4.3,124.0,64.1,37.2,6.02,248.2,22.21,95.51
Rice (Paddy),Clayey,zaid,2.4,61.3,75.8,69.8,5.96,349.6,21.46,51.5
Rice (Paddy),Loamy,zaid,7.9,64.3,29.4,56.7,6.49,171.1,24.62,194.5
Rice (Paddy),Loamy,kharif,11.7,117.8,29.9,29.0,6.89,137.5,24.63,288.15
Rice (Paddy),Black,zaid,10.9,64.1,29.0,77.3,6.01,209.0,21.09,229.83
Rice (Paddy),Clayey,rabi,10.9,80.9,42.2,47.7,5.68,217.2,21.41,233.32
Rice (Paddy),Sandy Loam,rabi,11.4,132.7,68.5,64.3,6.84,177.0,24.47,279.01
Rice (Paddy),Alluvial,kharif,4.1,152.3,25.2,76.4,5.12,333.9,20.27,83.1
Rice (Paddy),Sandy Loam,kharif,14.9,63.4,54.1,76.4,6.41,271.1,22.3,332.34
Rice (Paddy),Clayey,rabi,9.2,146.1,26.9,39.5,7.57,333.7,24.97,229.75
Rice (Paddy),Loamy,kharif,4.9,74.8,49.3,43.4,6.58,138.7,23.26,113.98
Rice (Paddy),Alluvial,kharif,12.4,124.5,33.2,73.2,7.22,348.0,25.36,314.53
Rice (Paddy),Clayey,zaid,13.9,64.3,71.4,54.0,5.45,218.7,19.84,275.74
Rice (Paddy),Alluvial,zaid,9.3,94.1,76.4,69.6,7.26,232.5,23.09,214.76
Rice (Paddy),Red,zaid,4.8,61.6,70.8,68.0,7.7,359.2,19.64,94.29
Rice (Paddy),Clayey,rabi,12.9,80.7,48.6,31.4,7.58,265.5,19.91,256.87
Rice (Paddy),Sandy Loam,kharif,10.4,117.8,43.7,30.6,6.81,244.9,24.6,255.8
Rice (Paddy),Loamy,kharif,8.7,112.1,71.4,46.1,5.36,126.9,23.79,206.96
Rice (Paddy),Clayey,kharif,10.0,136.5,72.8,57.5,7.65,265.9,22.96,229.57
Rice (Paddy),Red,zaid,11.2,110.7,48.6,73.2,5.8,245.7,26.14,292.8
Rice (Paddy),Alluvial,kharif,12.2,101.9,69.6,65.6,5.18,131.0,19.28,235.24
Rice (Paddy),Sandy Loam,zaid,9.1,90.2,53.2,49.1,6.58,216.1,25.2,229.28
Rice (Paddy),Loamy,kharif,13.6,103.4,60.2,33.7,5.52,129.8,21.65,294.46
Rice (Paddy),Clayey,rabi,2.2,68.1,49.2,35.5,5.98,240.8,21.12,46.47
Rice (Paddy),Clayey,zaid,1.6,135.9,58.1,28.9,7.36,341.0,23.08,36.93
Rice (Paddy),Alluvial,kharif,9.4,154.6,53.2,73.9,5.64,302.4,25.16,236.52
Rice (Paddy),Sandy Loam,rabi,11.5,59.7,38.0,62.7,7.42,242.8,18.2,209.25
Rice (Paddy),Black,rabi,8.5,80.2,38.9,44.7,5.05,197.3,19.41,164.96
Rice (Paddy),Sandy Loam,rabi,8.5,79.3,42.8,49.9,5.96,275.7,25.46,216.4
Rice (Paddy),Sandy Loam,rabi,8.8,114.7,54.7,44.8,5.91,335.9,23.6,207.68
Rice (Paddy),Black,zaid,6.0,154.7,56.9,37.2,5.27,156.7,23.09,138.55
Rice (Paddy),Red,rabi,5.0,73.3,72.5,28.8,6.42,218.5,22.78,113.91
Rice (Paddy),Loamy,zaid,13.6,113.6,73.6,24.8,7.63,237.8,21.88,297.55
Rice (Paddy),Black,zaid,8.5,103.7,69.4,35.5,7.61,290.6,21.2,180.21
Rice (Paddy),Loamy,kharif,11.3,109.0,62.3,65.6,5.24,241.5,21.24,240.03
Rice (Paddy),Red,kharif,6.2,101.4,53.9,53.9,5.54,284.3,22.74,141.0
Rice (Paddy),Loamy,kharif,2.9,56.3,30.7,49.8,6.64,310.6,20.99,60.88
Rice (Paddy),Clayey,zaid,14.1,74.1,28.1,64.1,6.55,322.0,24.66,347.74
Rice (Paddy),Red,kharif,11.5,136.0,68.6,34.5,5.64,272.1,24.11,277.28
Rice (Paddy),Black,kharif,10.6,101.2,62.7,72.6,6.69,249.5,24.71,261.95
Rice (Paddy),Alluvial,kharif,6.0,95.1,53.0,28.1,5.62,250.3,20.11,120.65
Rice (Paddy),Red,rabi,2.9,135.4,57.7,53.0,7.41,309.3,22.1,64.09
Rice (Paddy),Sandy Loam,kharif,5.4,80.8,64.3,26.3,6.54,303.0,22.96,123.97
Rice (Paddy),Sandy Loam,kharif,2.5,140.6,31.3,45.8,7.15,156.0,25.33,63.32
Rice (Paddy),Loamy,kharif,11.1,120.1,61.6,53.5,5.68,203.0,21.64,240.2
Rice (Paddy),Black,rabi,9.6,147.2,31.9,29.9,5.69,294.3,27.15,260.6
Rice (Paddy),Red,kharif,13.9,126.7,32.7,55.3,6.64,221.8,25.87,359.62
Rice (Paddy),Sandy Loam,zaid,7.3,67.3,77.2,69.4,5.34,341.0,19.82,144.66
Rice (Paddy),Sandy Loam,zaid,4.2,116.8,44.8,64.3,5.56,309.1,22.05,92.59
Rice (Paddy),Loamy,kharif,13.1,148.3,49.4,50.2,7.48,260.9,23.62,309.46
Rice (Paddy),Red,zaid,3.0,73.6,51.2,46.9,7.47,207.0,21.46,64.39
Rice (Paddy),Loamy,rabi,10.3,73.8,75.9,32.5,6.12,140.5,24.1,248.21
Rice (Paddy),Clayey,kharif,5.2,87.0,45.8,47.3,7.16,203.9,23.87,124.14
Rice (Paddy),Clayey,rabi,12.7,114.7,40.2,62.7,6.42,248.3,25.07,318.36
Rice (Paddy),Alluvial,rabi,8.0,132.5,30.0,42.4,5.2,300.8,23.04,184.35
Rice (Paddy),Black,kharif,1.4,71.6,62.8,59.8,5.07,173.3,18.71,26.19
Rice (Paddy),Red,zaid,1.3,66.4,67.3,34.1,6.76,177.2,21.5,27.95
Rice (Paddy),Sandy Loam,rabi,12.6,95.7,60.2,35.5,5.79,335.1,22.42,282.48
Rice (Paddy),Black,zaid,11.3,140.8,31.1,71.4,6.74,288.9,26.33,297.49
Rice (Paddy),Red,rabi,12.6,92.3,26.3,68.9,5.93,305.7,24.05,302.98
Rice (Paddy),Alluvial,rabi,13.1,78.0,76.6,66.2,5.31,255.8,20.13,263.76
Rice (Paddy),Alluvial,rabi,1.3,82.9,53.5,58.4,5.7,153.4,22.18,28.84
Rice (Paddy),Red,rabi,14.8,108.6,33.7,39.1,5.05,339.4,20.9,309.38
Rice (Paddy),Sandy Loam,rabi,8.8,121.1,68.9,35.5,5.03,152.9,20.19,177.65
Rice (Paddy),Alluvial,zaid,13.2,115.7,56.6,60.1,5.47,339.5,20.6,271.96
Rice (Paddy),Black,rabi,1.7,72.6,64.0,28.9,6.63,178.9,21.12,35.91
Rice (Paddy),Clayey,zaid,5.0,91.6,63.0,40.4,6.53,234.3,24.62,123.11
Rice (Paddy),Clayey,kharif,4.8,110.0,33.2,69.5,7.29,349.3,22.37,107.36
Rice (Paddy),Red,rabi,9.7,103.4,42.9,43.3,6.11,289.2,23.33,226.33
Rice (Paddy),Red,zaid,2.1,56.2,76.3,24.8,5.28,195.5,21.13,44.38
Rice (Paddy),Red,zaid,14.5,135.0,61.4,52.4,5.23,350.0,23.5,340.74
Rice (Paddy),Alluvial,zaid,11.1,119.7,77.0,72.8,6.75,286.4,26.39,292.97
Rice (Paddy),Alluvial,kharif,10.4,60.4,56.0,78.0,6.5,233.6,21.49,223.53
Rice (Paddy),Alluvial,zaid,13.9,153.1,75.0,49.9,7.33,322.7,23.78,330.48
Wheat,Black,zaid,12.6,52.5,52.5,31.1,5.8,46.2,15.54,195.87
Wheat,Loamy,zaid,5.4,99.7,61.7,35.0,7.06,110.9,21.79,117.69
Wheat,Black,rabi,6.8,92.4,71.0,21.0,5.96,70.7,21.04,143.04
Wheat,Loamy,zaid,6.6,57.6,40.3,44.0,7.33,40.3,17.12,112.98
Wheat,Clayey,rabi,5.2,129.2,58.1,46.9,6.19,112.8,20.03,104.15
Wheat,Red,rabi,12.2,73.3,52.2,64.2,7.71,88.1,17.02,207.69
Wheat,Sandy Loam,kharif,14.8,118.9,27.6,38.7,7.59,58.4,19.49,288.47
Wheat,Alluvial,kharif,14.4,126.7,62.1,48.7,6.04,81.5,19.89,286.44
Wheat,Loamy,rabi,8.4,73.5,48.7,42.6,7.99,111.8,18.26,153.37
Wheat,Clayey,zaid,1.5,133.1,64.9,41.1,6.48,61.8,21.48,32.22
Wheat,Clayey,kharif,1.6,129.1,26.2,35.5,7.83,98.8,18.31,29.29
Wheat,Sandy Loam,zaid,11.1,95.6,28.3,30.7,7.21,46.1,18.97,210.53
Wheat,Alluvial,rabi,7.9,94.2,52.3,57.3,6.37,94.2,18.36,145.06
Wheat,Sandy Loam,zaid,13.2,72.1,31.9,28.1,6.34,59.1,19.3,254.82
Wheat,Clayey,rabi,2.5,114.7,33.4,59.8,7.9,77.2,17.9,44.75
Wheat,Black,rabi,12.6,96.7,24.8,33.6,7.04,118.5,21.06,265.34
Wheat,Alluvial,zaid,6.3,49.9,63.0,26.7,6.21,41.5,18.49,116.5
Wheat,Loamy,zaid,14.0,58.6,68.5,51.3,5.67,64.1,16.09,225.26
Wheat,Alluvial,rabi,10.9,93.5,27.2,24.3,7.63,119.2,17.84,194.47
Wheat,Red,zaid,9.3,85.1,27.6,57.1,6.43,105.5,21.65,201.31
Wheat,Red,rabi,1.0,63.9,46.5,62.5,5.76,108.3,17.86,17.86
Wheat,Red,rabi,11.8,70.6,30.7,59.2,7.91,42.5,16.63,196.28
Wheat,Clayey,kharif,13.7,129.6,69.8,54.4,6.61,65.0,23.81,326.14
Wheat,Black,kharif,3.8,130.6,58.1,45.8,6.68,83.5,21.73,82.57
Wheat,Loamy,rabi,3.9,57.6,31.7,41.0,6.83,41.4,18.53,72.25
Wheat,Loamy,rabi,9.6,123.9,47.1,26.2,5.81,94.8,20.41,195.92
Wheat,Loamy,kharif,3.8,95.2,27.5,46.6,6.17,103.8,18.98,72.11
Wheat,Clayey,rabi,10.5,86.2,70.3,52.8,7.14,100.6,17.74,186.29
Wheat,Loamy,rabi,13.7,117.1,59.7,27.4,5.76,85.7,19.02,260.6
Wheat,Loamy,kharif,8.8,49.9,39.8,43.8,5.72,68.1,15.75,138.62
Wheat,Alluvial,kharif,2.1,86.3,30.7,46.0,7.22,104.0,18.87,39.63
Wheat,Alluvial,zaid,2.7,133.2,52.5,48.1,7.03,63.9,21.69,58.57
Wheat,Loamy,rabi,9.8,122.6,53.3,42.3,7.15,84.2,22.71,222.55
Wheat,Red,zaid,8.4,117.8,28.3,23.7,6.12,52.8,20.74,174.25
Wheat,Clayey,zaid,4.1,140.7,40.3,29.0,7.47,92.7,24.11,98.83
Wheat,Black,zaid,4.2,142.7,70.3,49.6,6.0,94.4,20.87,87.67
Wheat,Clayey,rabi,1.4,73.2,46.2,59.2,7.32,99.4,16.72,23.4
Wheat,Loamy,rabi,14.8,52.8,65.3,46.5,6.6,98.0,17.87,264.42
Wheat,Loamy,rabi,9.4,123.5,55.3,64.7,6.21,68.7,20.14,189.29
Wheat,Clayey,zaid,4.3,121.9,43.5,47.5,7.08,69.8,19.02,81.8
Wheat,Black,zaid,6.8,55.5,45.0,25.3,6.51,87.4,20.26,137.8
Wheat,Sandy Loam,kharif,6.5,140.1,36.6,49.9,6.31,101.9,22.92,149.01
Wheat,Loamy,kharif,4.3,71.1,66.0,40.4,6.33,75.9,17.96,77.22
Wheat,Clayey,zaid,14.3,72.7,41.4,37.7,7.01,68.5,19.76,282.57
Wheat,Loamy,kharif,11.9,115.3,45.5,59.0,6.9,83.2,21.41,254.83
Wheat,Black,kharif,10.0,70.1,33.0,24.9,5.76,86.8,16.65,166.5
Wheat,Loamy,rabi,6.6,94.1,56.7,21.8,6.31,117.8,18.28,120.62
Wheat,Red,rabi,5.8,99.0,30.4,26.8,5.86,115.2,19.05,110.51
Wheat,Loamy,zaid,3.3,66.7,58.8,27.9,6.09,117.1,18.59,61.35
Wheat,Black,zaid,10.6,95.7,53.5,59.2,6.93,42.4,19.45,206.15
Wheat,Alluvial,rabi,13.9,105.5,68.7,57.4,7.17,86.2,19.39,269.57
Wheat,Sandy Loam,zaid,14.7,87.2,65.4,55.4,6.92,99.1,19.88,292.25
Wheat,Loamy,rabi,6.7,79.7,55.9,56.5,7.41,103.8,19.65,131.64
Wheat,Sandy Loam,rabi,10.1,79.9,54.1,47.8,6.91,70.4,19.74,199.39
Wheat,Clayey,kharif,9.4,100.3,45.4,21.6,6.97,53.5,22.13,207.98
Wheat,Alluvial,zaid,8.6,138.4,64.3,61.2,7.53,48.7,21.4,184.05
Wheat,Clayey,rabi,8.4,72.1,46.9,38.4,6.87,99.8,19.92,167.33
Wheat,Clayey,zaid,7.0,133.3,27.9,63.0,7.14,70.4,23.8,166.57
Wheat,Loamy,kharif,7.7,67.3,32.3,48.2,6.81,93.6,19.74,152.02
Wheat,Black,rabi,11.0,74.6,43.9,26.4,5.95,94.5,18.49,203.36
Wheat,Black,zaid,8.4,115.7,29.5,46.0,6.14,117.0,21.66,181.95
Wheat,Alluvial,kharif,9.9,138.4,52.8,57.0,7.71,58.2,19.97,197.72
Wheat,Alluvial,zaid,9.6,87.6,64.0,60.6,6.38,58.9,19.01,182.52
Wheat,Red,zaid,10.3,58.0,53.8,40.9,6.97,53.4,19.6,201.87
Wheat,Red,rabi,7.6,99.3,32.9,34.7,6.08,56.5,18.03,137.01
Wheat,Clayey,kharif,1.8,62.3,37.4,47.3,7.19,75.4,19.01,34.22
Wheat,Clayey,zaid,11.1,50.5,40.5,57.0,7.01,67.0,18.44,204.66
Wheat,Loamy,kharif,13.5,67.0,39.7,31.0,6.39,45.6,19.01,256.69
Wheat,Alluvial,rabi,10.4,55.6,54.6,32.9,6.98,94.4,18.39,191.21
Wheat,Sandy Loam,rabi,1.7,84.6,41.6,64.8,6.62,66.7,18.76,31.9
Wheat,Sandy Loam,rabi,14.4,65.5,56.9,29.8,6.84,47.7,21.05,303.16
Wheat,Alluvial,zaid,14.0,71.1,43.3,27.7,7.98,114.2,16.1,225.46
Wheat,Loamy,kharif,12.8,98.0,53.8,24.9,7.39,50.2,19.83,253.86
Wheat,Black,kharif,1.5,77.5,36.9,36.8,5.72,115.0,17.73,26.59
Wheat,Alluvial,kharif,5.3,86.3,45.5,47.4,6.79,113.6,20.95,111.04
Wheat,Clayey,rabi,8.0,86.3,49.9,48.6,7.19,82.6,19.44,155.52
Wheat,Sandy Loam,rabi,3.0,68.9,63.0,35.2,5.56,52.3,16.97,50.91
Wheat,Black,kharif,7.7,78.5,53.0,27.1,7.75,106.3,17.47,134.49
Wheat,Loamy,zaid,14.3,126.6,55.8,26.4,6.7,80.5,22.54,322.27
Wheat,Loamy,kharif,14.1,131.4,37.6,58.5,5.5,41.4,18.68,263.39
Wheat,Black,zaid,3.1,54.8,61.2,41.2,5.65,119.6,16.18,50.17
Wheat,Alluvial,zaid,4.3,62.4,30.2,34.3,5.75,95.4,16.4,70.5
Wheat,Loamy,kharif,8.1,142.7,62.8,48.1,6.27,89.9,19.13,154.97
Wheat,Clayey,zaid,7.3,67.3,41.8,39.2,7.57,98.7,18.24,133.12
Wheat,Sandy Loam,kharif,1.2,88.1,47.1,21.8,6.15,100.8,19.13,22.95
Wheat,Alluvial,kharif,1.2,71.7,70.4,56.3,7.9,79.0,15.69,18.83
Wheat,Red,kharif,8.7,91.7,64.2,25.3,6.72,52.0,22.22,193.28
Wheat,Red,kharif,9.6,129.8,42.9,63.1,5.83,48.2,18.96,182.04
Wheat,Alluvial,kharif,10.6,90.1,36.5,58.0,5.6,112.1,19.26,204.12
Wheat,Black,zaid,7.3,70.3,66.3,40.8,7.71,48.5,16.61,121.28
Wheat,Loamy,kharif,7.2,53.5,26.3,53.8,7.15,104.2,15.83,113.98
Wheat,Sandy Loam,zaid,14.6,137.6,61.3,36.6,6.53,84.0,22.82,333.15
Wheat,Sandy Loam,rabi,1.3,56.7,70.0,34.0,7.42,90.0,16.3,21.19
Wheat,Alluvial,rabi,4.6,55.5,69.6,42.0,7.74,65.8,16.0,73.6
Wheat,Loamy,zaid,14.7,105.6,51.9,53.9,7.53,92.5,18.88,277.55
Wheat,Black,zaid,2.3,84.3,50.4,38.1,5.91,61.9,17.35,39.89
Wheat,Loamy,kharif,10.5,95.6,25.1,64.7,7.18,65.4,19.56,205.37
Wheat,Black,kharif,11.6,92.3,64.1,53.1,7.44,92.5,19.45,225.62
Wheat,Red,rabi,11.5,74.3,49.9,53.0,5.77,94.8,16.21,186.44
Wheat,Loamy,kharif,6.8,120.3,59.4,47.9,5.76,52.1,19.13,130.11
Wheat,Sandy Loam,zaid,9.1,131.5,44.9,28.1,6.9,104.9,23.16,210.79
Wheat,Loamy,zaid,6.6,124.2,34.1,45.4,7.33,89.3,21.09,139.18
Wheat,Red,rabi,6.0,122.7,50.5,21.2,7.4,42.8,19.63,117.76
Wheat,Black,kharif,6.2,79.7,31.5,34.4,7.69,119.7,18.17,112.64
Wheat,Loamy,zaid,7.3,116.9,66.2,47.1,6.48,73.0,19.8,144.57
Wheat,Alluvial,kharif,2.3,104.3,47.1,49.3,5.66,86.4,19.31,44.42
Wheat,Loamy,rabi,7.8,105.3,52.8,22.0,6.31,90.9,20.79,162.17
Wheat,Loamy,rabi,14.7,68.7,63.3,43.9,6.43,49.8,18.2,267.58
Wheat,Alluvial,zaid,4.3,83.9,27.4,56.3,7.42,98.7,17.8,76.53
Wheat,Sandy Loam,zaid,2.7,87.5,64.0,37.9,6.93,87.0,19.76,53.36
Wheat,Alluvial,kharif,14.7,64.5,57.4,46.8,6.97,95.8,18.52,272.21
Wheat,Clayey,kharif,7.1,137.1,57.7,48.8,5.62,112.3,18.13,128.76
Wheat,Red,kharif,11.9,49.7,27.2,30.9,5.83,71.9,16.32,194.22
Wheat,Clayey,rabi,5.0,53.2,26.2,33.1,6.19,103.0,18.26,91.32
Wheat,Black,rabi,7.0,128.4,37.1,27.9,7.63,43.7,20.94,146.59
Wheat,Clayey,rabi,6.8,81.7,66.8,22.0,7.16,117.1,21.28,144.73
Wheat,Clayey,rabi,12.6,123.0,53.8,42.8,7.95,51.6,17.8,224.22
Wheat,Alluvial,zaid,5.3,138.0,70.0,29.1,5.56,97.6,19.81,104.99
Wheat,Black,kharif,12.9,101.8,49.1,26.0,7.65,97.8,18.84,243.04
Wheat,Alluvial,rabi,2.1,92.1,47.3,28.3,7.86,108.0,17.27,36.26
Maize (Corn),Black,rabi,7.5,78.2,49.6,45.0,5.47,103.4,21.31,159.86
Maize (Corn),Red,zaid,8.0,71.9,59.4,45.0,7.35,129.4,24.62,197.0
Maize (Corn),Clayey,zaid,13.3,118.6,31.5,40.9,7.96,131.4,24.05,319.83
Maize (Corn),Alluvial,rabi,8.0,51.3,49.9,57.2,6.33,131.8,23.19,185.53
Maize (Corn),Red,zaid,3.9,88.1,33.6,55.9,6.86,116.5,25.33,98.8
Maize (Corn),Sandy Loam,rabi,3.2,103.2,55.9,34.9,7.61,145.9,25.23,80.74
Maize (Corn),Black,zaid,14.8,54.4,29.9,29.1,7.71,118.7,20.52,303.75
Maize (Corn),Sandy Loam,rabi,2.2,119.7,56.4,43.2,7.91,93.1,21.95,48.28
Maize (Corn),Clayey,kharif,11.2,70.4,64.9,64.1,7.07,62.0,23.31,261.06
Maize (Corn),Loamy,kharif,12.5,60.5,37.7,63.8,6.21,80.0,23.7,296.29
Maize (Corn),Sandy Loam,rabi,2.6,108.8,64.5,60.7,7.06,81.9,27.29,70.97
Maize (Corn),Loamy,rabi,3.4,104.7,57.3,25.4,5.95,63.3,24.17,82.18
Maize (Corn),Alluvial,zaid,7.3,107.9,49.7,48.3,6.25,138.9,26.85,195.97
Maize (Corn),Red,kharif,2.8,101.5,35.3,51.2,5.49,66.9,22.76,63.74
Maize (Corn),Alluvial,kharif,12.7,66.6,49.3,51.5,6.68,81.0,26.6,337.81
Maize (Corn),Sandy Loam,kharif,11.7,111.4,50.3,32.5,7.75,120.4,22.01,257.48
Maize (Corn),Red,zaid,6.5,75.4,31.0,37.8,5.65,92.6,21.96,142.74
Maize (Corn),Alluvial,kharif,6.9,44.4,63.5,26.6,7.21,153.1,23.56,162.57
Maize (Corn),Red,rabi,10.8,115.9,64.2,48.3,6.81,115.8,30.87,333.38
Maize (Corn),Loamy,rabi,4.1,52.6,24.0,32.6,5.42,109.3,20.54,84.22
Maize (Corn),Loamy,kharif,12.5,48.5,31.0,53.1,6.92,55.0,21.9,273.78
Maize (Corn),Clayey,rabi,12.1,45.1,46.6,64.8,7.61,104.3,19.29,233.42
Maize (Corn),Clayey,kharif,9.4,52.1,25.1,61.0,7.11,137.6,23.03,216.5
Maize (Corn),Clayey,zaid,7.0,69.9,40.1,55.1,6.93,144.4,25.77,180.4
Maize (Corn),Clayey,rabi,9.5,97.6,47.0,51.9,5.94,103.3,24.14,229.3
Maize (Corn),Clayey,zaid,10.1,125.6,47.4,53.7,6.67,116.5,27.79,280.67
Maize (Corn),Sandy Loam,rabi,4.6,73.8,41.8,23.0,5.68,77.9,20.55,94.51
Maize (Corn),Red,kharif,7.6,94.0,44.6,58.6,5.43,138.0,22.07,167.72
Maize (Corn),Loamy,kharif,5.7,112.6,46.2,43.6,6.09,148.6,24.9,141.94
Maize (Corn),Alluvial,kharif,2.6,72.4,43.3,59.5,6.63,123.8,25.45,66.16
Maize (Corn),Red,zaid,2.8,66.2,38.4,39.6,6.41,146.0,25.42,71.17
Maize (Corn),Alluvial,kharif,11.1,126.0,52.7,59.0,5.31,125.5,25.05,278.08
Maize (Corn),Alluvial,zaid,13.2,64.6,50.3,56.2,7.09,58.0,24.96,329.41
Maize (Corn),Alluvial,kharif,6.7,70.3,54.0,39.2,7.04,117.8,26.8,179.55
Maize (Corn),Red,zaid,9.4,86.2,27.1,26.1,5.72,66.6,24.45,229.81
Maize (Corn),Clayey,rabi,12.6,129.2,57.1,51.6,6.74,96.5,30.03,378.39
Maize (Corn),Clayey,zaid,1.6,52.8,45.6,36.1,7.27,118.4,22.79,36.47
Maize (Corn),Black,zaid,2.1,89.7,58.9,47.0,5.91,89.5,24.88,52.26
Maize (Corn),Red,zaid,11.6,50.7,60.1,21.5,6.3,51.0,23.8,276.13
Maize (Corn),Black,kharif,10.0,45.9,54.5,62.7,6.22,103.9,19.86,198.65
Maize (Corn),Black,zaid,5.8,48.3,39.0,34.7,7.13,113.4,21.13,122.56
Maize (Corn),Loamy,rabi,7.4,102.6,27.2,42.4,5.37,102.6,21.69,160.5
Maize (Corn),Red,kharif,6.4,45.4,22.4,38.1,5.73,50.5,20.49,131.17
Maize (Corn),Sandy Loam,rabi,13.6,52.2,63.1,34.8,7.7,113.1,22.3,303.31
Maize (Corn),Loamy,kharif,14.8,67.4,63.3,38.1,6.34,84.8,22.83,337.87
Maize (Corn),Alluvial,kharif,8.6,109.0,57.7,40.4,6.12,76.0,26.02,223.74
Maize (Corn),Red,rabi,1.8,72.1,32.9,63.5,6.81,85.5,23.79,42.82
Maize (Corn),Red,kharif,9.8,85.0,38.7,64.7,7.68,115.3,22.73,222.73
Maize (Corn),Alluvial,rabi,7.5,106.3,27.5,58.5,7.22,145.9,25.84,193.78
Maize (Corn),Black,zaid,5.9,82.3,22.7,53.8,6.78,54.2,24.56,144.9
Maize (Corn),Loamy,kharif,13.3,125.1,27.5,41.4,7.95,100.2,23.7,315.2
Maize (Corn),Black,rabi,8.3,91.5,40.4,47.7,7.78,87.1,23.57,195.62
Maize (Corn),Alluvial,zaid,13.5,82.1,40.5,47.5,6.9,135.1,25.6,345.59
Maize (Corn),Loamy,kharif,7.1,116.5,60.3,23.7,7.69,96.4,24.07,170.9
Maize (Corn),Clayey,zaid,9.8,123.5,21.8,42.0,7.16,126.1,25.72,252.04
Maize (Corn),Sandy Loam,kharif,6.0,112.8,33.3,30.3,7.89,49.0,23.51,141.03
Maize (Corn),Red,rabi,10.5,114.9,34.0,21.6,7.29,138.1,24.88,261.21
Maize (Corn),Clayey,kharif,11.7,116.4,48.0,24.9,6.62,56.4,29.01,339.42
Maize (Corn),Loamy,rabi,1.3,68.9,45.2,48.8,6.86,123.4,25.23,32.81
Maize (Corn),Alluvial,zaid,12.8,63.3,42.0,27.4,7.22,120.0,23.97,306.75
Maize (Corn),Loamy,rabi,4.9,112.7,61.9,38.8,7.75,82.7,21.81,106.85
Maize (Corn),Alluvial,rabi,14.7,95.1,36.7,49.5,5.63,144.0,22.88,336.34
Maize (Corn),Sandy Loam,rabi,9.2,97.0,24.2,51.0,5.95,125.1,25.03,230.25
Maize (Corn),Sandy Loam,rabi,8.3,54.6,55.1,32.9,6.64,78.7,25.25,209.56
Maize (Corn),Black,rabi,11.1,65.9,38.7,25.5,5.81,132.6,22.94,254.65
Maize (Corn),Alluvial,zaid,9.2,83.1,36.0,62.4,5.52,148.5,23.71,218.17
Maize (Corn),Alluvial,kharif,2.8,91.7,59.1,46.2,7.75,149.8,20.41,57.15
Maize (Corn),Loamy,zaid,2.3,102.5,42.7,38.1,7.01,124.0,24.61,56.6
Maize (Corn),Black,zaid,3.3,104.7,50.3,63.5,7.35,150.7,23.56,77.76
Maize (Corn),Clayey,zaid,9.9,130.0,25.6,42.9,6.34,141.5,29.49,291.97
Maize (Corn),Red,zaid,2.6,97.8,54.9,21.1,7.62,68.1,20.85,54.21
Maize (Corn),Black,kharif,10.2,83.6,59.7,30.5,7.13,113.6,26.21,267.37
Maize (Corn),Black,kharif,2.9,99.3,53.5,34.9,7.04,90.7,24.69,71.59
Maize (Corn),Loamy,kharif,5.0,74.4,23.6,25.9,6.69,76.9,26.57,132.83
Maize (Corn),Clayey,rabi,1.2,75.4,35.8,21.9,5.64,92.7,19.21,23.05
Maize (Corn),Alluvial,rabi,4.7,105.8,59.6,22.8,6.37,130.3,26.44,124.26
Maize (Corn),Loamy,zaid,4.1,53.6,58.7,46.3,5.51,89.3,19.24,78.9
Maize (Corn),Clayey,kharif,11.8,87.6,36.3,37.4,5.3,80.4,20.81,245.61
Maize (Corn),Loamy,kharif,14.6,116.5,22.0,60.5,7.41,132.3,22.41,327.12
Maize (Corn),Loamy,zaid,10.9,124.5,47.5,41.8,5.46,120.5,22.73,247.79
Maize (Corn),Loamy,rabi,14.9,63.0,44.4,49.6,7.04,108.6,22.92,341.49
Maize (Corn),Black,zaid,3.0,96.8,55.4,46.4,5.7,135.6,24.15,72.44
Maize (Corn),Loamy,zaid,3.3,98.6,56.6,62.7,6.21,126.3,24.7,81.51
Maize (Corn),Sandy Loam,rabi,10.7,123.9,42.9,31.1,5.42,92.9,23.72,253.78
Maize (Corn),Sandy Loam,zaid,11.7,73.2,62.8,63.3,6.98,148.3,24.89,291.24
Maize (Corn),Sandy Loam,kharif,7.4,91.4,59.0,42.2,7.72,120.8,24.41,180.63
Maize (Corn),Alluvial,zaid,12.1,117.1,31.6,63.3,5.83,150.8,25.11,303.89
Maize (Corn),Red,kharif,7.1,94.2,24.2,48.4,7.95,68.5,22.21,157.68
Maize (Corn),Red,kharif,13.7,125.0,63.2,43.9,7.94,129.8,23.34,319.75
Maize (Corn),Loamy,zaid,4.2,82.3,55.4,63.2,7.36,140.4,22.12,92.89
Maize (Corn),Loamy,kharif,12.7,111.0,37.6,45.3,7.47,53.0,24.11,306.26
Maize (Corn),Red,rabi,7.0,44.6,42.2,50.1,5.62,79.2,20.8,145.6
Maize (Corn),Red,rabi,14.9,46.0,54.5,37.4,6.36,129.5,20.92,311.74
Maize (Corn),Black,kharif,4.5,91.6,36.8,49.9,5.95,68.7,25.36,114.11
Maize (Corn),Clayey,zaid,8.1,61.4,22.7,22.6,5.77,141.6,20.1,162.8
Maize (Corn),Red,kharif,8.2,108.8,33.4,36.5,7.71,150.2,25.93,212.62
Maize (Corn),Clayey,kharif,11.7,114.4,60.1,45.0,5.85,75.6,25.92,303.31
Maize (Corn),Sandy Loam,rabi,2.0,48.1,62.4,43.3,6.41,135.6,21.48,42.97
Maize (Corn),Clayey,rabi,11.8,73.0,57.3,43.7,6.55,52.9,25.89,305.55
Maize (Corn),Sandy Loam,kharif,11.7,42.0,39.3,44.0,5.45,153.1,19.4,227.0
Maize (Corn),Sandy Loam,kharif,5.3,62.3,21.1,53.1,7.91,72.2,21.63,114.65
Maize (Corn),Clayey,kharif,6.9,68.7,35.3,52.4,7.51,67.6,23.16,159.81
Maize (Corn),Sandy Loam,zaid,15.0,77.7,30.7,54.5,6.76,64.2,24.02,360.29
Maize (Corn),Black,rabi,1.3,65.7,43.8,32.8,7.0,100.0,21.86,28.42
Maize (Corn),Alluvial,zaid,11.0,108.8,25.5,43.6,6.67,87.9,29.48,324.27
Maize (Corn),Red,rabi,13.9,103.1,53.1,58.9,6.04,135.2,26.41,367.13
Maize (Corn),Clayey,kharif,5.8,71.5,64.1,58.7,7.19,126.5,24.38,141.43
Maize (Corn),Alluvial,kharif,6.3,56.3,55.6,53.3,6.34,50.7,23.72,149.44
Maize (Corn),Loamy,zaid,1.2,103.9,63.7,40.3,5.93,124.1,24.99,29.98
Maize (Corn),Alluvial,zaid,7.0,69.2,42.2,26.2,7.9,125.2,22.15,155.06
Maize (Corn),Red,zaid,13.3,113.2,50.8,48.5,6.15,136.2,25.18,334.84
Maize (Corn),Sandy Loam,zaid,9.0,115.3,60.9,21.5,7.12,53.6,26.45,238.08
Maize (Corn),Alluvial,rabi,6.5,58.8,39.1,62.1,6.46,142.8,22.48,146.13
Maize (Corn),Alluvial,rabi,2.2,71.3,50.8,24.2,5.85,89.2,23.3,51.25
Maize (Corn),Alluvial,kharif,12.0,106.5,26.1,55.4,7.42,112.9,24.65,295.79
Maize (Corn),Black,kharif,2.4,90.2,64.1,45.4,5.81,110.9,23.19,55.65
Maize (Corn),Alluvial,zaid,8.3,48.5,47.6,43.7,7.3,116.1,23.96,198.91
Maize (Corn),Black,zaid,9.3,57.1,61.7,24.0,6.46,123.1,24.7,229.72
Maize (Corn),Red,zaid,10.1,65.5,21.7,63.5,5.98,121.0,23.73,239.67
Maize (Corn),Alluvial,zaid,4.8,94.6,59.1,62.7,5.59,64.7,24.6,118.08
Cotton,Red,rabi,14.1,35.5,49.2,43.1,6.62,52.2,10.15,143.14
Cotton,Alluvial,kharif,7.3,113.5,33.9,51.9,6.07,104.5,12.89,94.08
Cotton,Sandy Loam,kharif,8.0,95.9,30.9,54.0,5.75,115.8,11.01,88.08
Cotton,Red,kharif,7.1,116.7,26.9,39.9,7.51,106.9,13.12,93.17
Cotton,Clayey,zaid,3.8,107.0,47.8,18.1,6.25,66.0,11.61,44.12
Cotton,Red,kharif,6.9,52.7,42.0,41.9,6.62,76.0,10.92,75.34
Cotton,Black,rabi,6.4,75.5,29.1,49.8,6.69,91.1,12.77,81.7
Cotton,Alluvial,kharif,3.9,100.6,31.2,53.0,8.25,120.2,10.57,41.22
Cotton,Black,zaid,7.4,86.7,27.7,46.4,6.78,85.2,13.01,96.27
Cotton,Loamy,rabi,12.5,59.0,35.7,18.4,6.4,90.2,11.27,140.86
Cotton,Clayey,zaid,7.9,111.0,21.8,48.8,6.73,103.0,12.81,101.17
Cotton,Clayey,kharif,12.0,112.3,48.1,47.0,7.98,85.5,11.54,138.47
Cotton,Loamy,kharif,1.1,110.8,35.7,40.2,6.26,110.4,11.99,13.19
Cotton,Clayey,rabi,6.0,76.5,56.1,53.4,5.81,81.0,10.81,64.86
Cotton,Red,kharif,8.0,50.9,52.7,45.3,8.01,120.1,10.01,80.05
Cotton,Sandy Loam,kharif,3.2,90.2,24.8,46.0,6.19,57.9,12.52,40.08
Cotton,Alluvial,zaid,1.0,93.9,47.5,38.6,5.98,55.0,11.12,11.12
Cotton,Black,zaid,2.5,53.2,38.8,42.4,6.24,52.8,10.94,27.36
Cotton,Sandy Loam,zaid,4.3,53.0,56.9,42.8,7.17,82.9,12.57,54.06
Cotton,Black,zaid,11.6,51.7,30.9,39.9,7.23,49.9,10.28,119.24
Cotton,Clayey,kharif,7.9,111.5,35.5,57.7,7.04,57.6,14.28,112.79
Cotton,Black,kharif,14.3,98.7,42.6,52.6,7.52,82.3,13.1,187.32
Cotton,Clayey,kharif,4.1,93.6,53.6,47.5,7.59,111.2,12.78,52.38
Cotton,Alluvial,zaid,2.8,58.4,39.3,38.4,7.96,82.0,10.44,29.22
Cotton,Red,zaid,2.1,66.8,50.4,54.5,6.11,53.6,10.69,22.44
Cotton,Alluvial,zaid,1.9,88.2,20.5,32.9,7.91,84.4,11.89,22.58
Cotton,Clayey,zaid,1.6,71.6,20.4,47.4,7.33,107.4,11.15,17.84
Cotton,Red,rabi,5.9,111.2,33.0,51.6,8.03,79.4,10.88,64.2
Cotton,Loamy,rabi,11.8,80.0,20.2,48.9,7.25,113.7,12.88,152.01
Cotton,Black,kharif,1.2,52.0,46.7,33.4,7.49,77.1,11.52,13.83
Cotton,Sandy Loam,kharif,3.2,56.2,42.3,35.3,7.82,119.6,11.54,36.92
Cotton,Loamy,rabi,6.8,93.4,33.3,41.6,6.06,98.4,11.57,78.7
Cotton,Black,rabi,13.2,94.4,48.1,40.4,7.25,59.2,11.67,153.98
Cotton,Sandy Loam,kharif,4.8,91.8,28.3,56.0,7.41,75.3,11.15,53.52
Cotton,Clayey,kharif,10.7,52.9,41.9,28.4,7.49,116.5,11.6,124.09
Cotton,Sandy Loam,rabi,10.8,65.2,35.2,18.8,6.28,50.8,11.53,124.55
Cotton,Clayey,zaid,12.5,86.7,52.7,49.6,6.79,64.9,13.78,172.3
Cotton,Clayey,rabi,2.3,96.3,50.8,46.5,8.4,117.4,10.63,24.45
Cotton,Loamy,zaid,14.1,100.7,45.1,17.7,6.9,96.0,12.6,177.68
Cotton,Red,zaid,6.0,99.3,40.7,30.3,7.46,67.5,11.82,70.93
Cotton,Sandy Loam,zaid,11.7,86.1,48.8,19.1,8.01,100.0,12.22,142.95
Cotton,Clayey,kharif,9.2,82.6,58.1,48.5,6.83,107.4,13.29,122.31
Cotton,Red,kharif,4.2,83.9,55.6,55.6,6.53,92.3,12.48,52.41
Cotton,Alluvial,rabi,1.7,72.3,45.2,45.3,6.62,127.1,12.48,21.21
Cotton,Clayey,kharif,1.8,87.8,57.4,20.4,7.16,110.8,12.59,22.66
Cotton,Loamy,rabi,7.4,89.8,51.8,24.5,5.56,113.4,11.01,81.44
Cotton,Red,zaid,7.4,72.3,45.6,54.8,7.42,128.1,12.0,88.79
Cotton,Alluvial,rabi,10.0,41.4,47.9,21.4,7.28,107.0,11.79,117.94
Cotton,Clayey,rabi,2.2,84.8,53.6,53.7,7.48,65.7,12.49,27.47
Cotton,Alluvial,zaid,3.8,52.7,45.8,42.2,7.36,127.0,10.97,41.68
Cotton,Clayey,rabi,2.8,63.5,35.4,33.7,7.51,122.9,11.74,32.87
Cotton,Black,rabi,6.8,48.8,37.0,19.8,8.33,54.3,8.69,59.12
Cotton,Clayey,zaid,14.8,48.6,22.2,17.9,5.97,65.4,9.48,140.23
Cotton,Loamy,rabi,4.6,64.1,45.1,20.1,6.13,116.0,11.12,51.14
Cotton,Black,rabi,13.1,47.7,20.9,37.4,6.41,95.3,10.68,139.9
Cotton,Sandy Loam,rabi,8.1,46.8,43.1,28.7,6.96,54.9,12.01,97.29
Cotton,Black,kharif,11.0,58.1,32.4,25.3,6.54,94.0,11.5,126.47
Cotton,Alluvial,rabi,3.7,75.1,47.9,37.7,6.95,118.4,12.0,44.4
Cotton,Alluvial,zaid,12.2,45.1,46.1,34.6,7.04,123.9,12.8,156.17
Cotton,Loamy,rabi,13.2,68.0,57.3,55.7,7.72,71.5,11.23,148.2
Cotton,Sandy Loam,kharif,4.9,52.9,25.0,51.4,6.36,125.9,10.96,53.72
Cotton,Alluvial,rabi,6.2,100.4,32.6,21.1,7.17,119.0,13.46,83.45
Cotton,Clayey,rabi,14.8,37.1,27.9,38.8,7.07,97.5,11.88,175.77
Cotton,Black,rabi,1.7,65.9,27.0,28.4,7.16,64.8,13.01,22.12
Cotton,Black,rabi,14.3,112.5,42.5,55.4,7.86,97.6,12.61,180.29
Cotton,Sandy Loam,rabi,8.2,92.7,55.8,32.9,7.62,88.0,12.96,106.28
Cotton,Red,kharif,11.7,38.7,44.0,26.8,7.51,87.3,10.54,123.27
Cotton,Loamy,rabi,8.7,70.9,51.9,24.1,5.57,85.7,10.07,87.65
Cotton,Alluvial,zaid,7.5,98.4,55.0,25.3,8.27,106.4,10.21,76.55
Cotton,Red,zaid,9.0,88.4,26.1,40.3,8.07,118.1,11.3,101.67
Cotton,Sandy Loam,rabi,1.9,36.6,51.4,39.0,7.83,67.7,10.06,19.1
Cotton,Red,rabi,10.4,111.5,28.4,42.6,7.54,74.7,12.68,131.9
Cotton,Black,rabi,14.3,107.6,47.8,28.9,6.34,128.9,12.91,184.62
Cotton,Sandy Loam,zaid,5.4,62.9,20.7,35.7,6.28,76.8,11.86,64.06
Cotton,Alluvial,zaid,14.8,112.0,36.1,25.6,5.99,68.2,11.16,165.2
Cotton,Sandy Loam,kharif,7.3,76.1,27.6,36.8,7.49,111.1,12.4,90.53
Cotton,Black,zaid,13.7,102.0,48.5,19.8,5.52,65.8,10.05,137.67
Cotton,Black,zaid,13.4,108.4,54.8,30.4,7.57,70.8,13.67,183.24
Cotton,Alluvial,rabi,3.6,63.1,35.1,51.6,5.86,109.7,9.34,33.62
Cotton,Black,rabi,2.9,95.2,43.4,41.4,6.67,77.8,12.87,37.31
Cotton,Red,zaid,1.2,82.7,21.8,53.3,7.07,106.8,13.74,16.49
Cotton,Loamy,kharif,2.2,55.8,49.5,21.5,5.73,78.4,8.85,19.46
Cotton,Red,kharif,9.2,53.6,54.2,49.6,7.6,99.8,10.82,99.52
Cotton,Black,kharif,9.0,59.3,56.0,51.1,8.45,69.8,9.84,88.54
Cotton,Black,kharif,4.4,46.8,22.2,18.6,7.07,66.3,11.8,51.91
Cotton,Alluvial,zaid,10.6,108.6,48.1,20.6,8.19,114.7,11.41,120.98
Cotton,Sandy Loam,zaid,1.7,80.7,23.9,51.7,6.58,124.7,11.33,19.25
Cotton,Clayey,zaid,12.5,66.5,36.3,29.9,8.3,58.0,10.19,127.41
Cotton,Sandy Loam,rabi,10.6,78.6,18.8,37.0,6.72,61.5,12.42,131.62
Cotton,Alluvial,kharif,11.0,40.6,34.6,22.3,7.34,126.8,11.15,122.65
Cotton,Loamy,zaid,2.1,64.1,40.1,34.0,8.0,116.4,9.74,20.44
Cotton,Red,rabi,2.5,64.1,34.4,45.2,7.47,53.9,12.34,30.86
Cotton,Sandy Loam,zaid,1.4,109.4,23.9,26.5,7.05,107.6,13.48,18.88
Cotton,Red,zaid,14.4,53.1,53.8,55.8,8.25,101.4,9.52,137.02
Cotton,Alluvial,zaid,2.3,60.8,19.3,49.5,6.69,85.3,11.93,27.44
Cotton,Sandy Loam,rabi,14.2,54.4,21.9,49.0,7.0,84.4,12.59,178.76
Cotton,Black,kharif,5.3,82.0,30.8,19.1,6.32,48.5,12.52,66.33
Cotton,Clayey,rabi,12.5,71.1,22.9,33.2,7.36,86.2,11.54,144.22
Cotton,Black,zaid,15.0,50.7,36.3,35.2,6.41,64.6,10.9,163.5
Cotton,Sandy Loam,kharif,3.2,49.0,34.6,48.5,8.19,55.1,8.5,27.21
Cotton,Black,rabi,2.4,36.4,44.6,42.2,5.99,67.6,10.08,24.19
Cotton,Loamy,kharif,6.9,39.2,19.1,41.0,6.68,50.4,10.92,75.32
Cotton,Black,rabi,11.9,60.7,27.7,46.1,6.59,95.6,12.97,154.32
Cotton,Sandy Loam,zaid,1.7,69.9,51.6,50.5,6.17,67.0,11.75,19.97
Cotton,Clayey,kharif,2.3,50.8,19.6,43.2,6.36,71.5,11.53,26.52
Cotton,Loamy,kharif,7.2,62.4,33.7,39.2,5.98,96.0,9.82,70.73
Cotton,Clayey,zaid,13.8,79.9,47.6,31.7,6.72,58.5,12.59,173.8
Cotton,Sandy Loam,kharif,5.7,100.8,27.6,57.5,6.53,76.3,12.33,70.26
Cotton,Loamy,kharif,4.2,68.7,27.4,45.1,7.98,104.5,10.51,44.16
Cotton,Loamy,zaid,11.3,64.6,45.0,28.6,5.74,131.4,10.68,120.72
Cotton,Black,zaid,14.8,115.1,50.0,44.5,7.23,120.8,13.28,196.59
Cotton,Black,zaid,6.8,70.1,31.0,40.6,8.05,64.9,9.65,65.61
Cotton,Clayey,zaid,10.6,102.5,40.3,49.5,5.55,116.7,10.97,116.33
Cotton,Black,rabi,13.1,43.4,22.7,57.6,7.52,119.1,10.49,137.38
Cotton,Loamy,zaid,10.5,83.7,42.2,45.5,7.23,84.0,13.14,137.96
Cotton,Clayey,rabi,10.7,54.1,43.1,48.1,6.16,53.0,10.19,109.03
Cotton,Clayey,rabi,2.7,92.5,22.2,58.4,6.05,97.9,10.81,29.2
Cotton,Black,kharif,9.7,101.2,52.0,37.3,7.83,104.5,11.71,113.59
Cotton,Loamy,rabi,5.1,89.4,57.1,19.6,8.17,96.5,10.88,55.46
Cotton,Black,rabi,2.3,84.3,31.5,55.1,6.72,60.0,14.27,32.83
Chickpea (Gram),Loamy,kharif,5.1,28.9,67.4,48.2,7.72,64.6,9.07,46.28
Chickpea (Gram),Red,zaid,1.0,20.0,40.3,39.1,7.27,59.6,9.27,9.27
Chickpea (Gram),Sandy Loam,rabi,10.6,42.1,75.3,18.8,5.85,72.8,9.05,95.98
Chickpea (Gram),Loamy,rabi,5.5,41.8,64.4,25.0,6.34,77.5,10.26,56.44
Chickpea (Gram),Clayey,zaid,5.5,29.9,36.4,17.5,7.78,77.7,9.45,51.98
Chickpea (Gram),Sandy Loam,rabi,9.5,24.1,41.6,17.6,6.38,29.8,9.26,87.98
Chickpea (Gram),Red,zaid,14.8,26.0,58.1,47.2,8.29,59.0,7.71,114.11
Chickpea (Gram),Alluvial,kharif,7.8,40.6,61.5,40.4,6.52,68.3,10.62,82.82
Chickpea (Gram),Clayey,zaid,2.7,30.5,42.5,44.6,6.69,83.7,9.97,26.93
Chickpea (Gram),Clayey,kharif,5.0,26.0,62.9,46.3,6.05,31.5,8.67,43.35
Chickpea (Gram),Black,rabi,2.5,27.2,61.1,34.6,5.74,27.4,8.41,21.02
Chickpea (Gram),Sandy Loam,zaid,9.9,39.2,30.3,32.9,7.43,39.1,9.36,92.66
Chickpea (Gram),Sandy Loam,kharif,9.6,41.9,73.8,36.2,7.54,45.9,9.49,91.11
Chickpea (Gram),Alluvial,rabi,11.8,22.3,81.2,34.1,7.55,79.4,9.85,116.21
Chickpea (Gram),Clayey,kharif,12.7,21.1,82.6,37.9,8.11,64.6,7.62,96.79
Chickpea (Gram),Alluvial,zaid,12.1,21.6,60.8,27.1,7.78,52.0,7.9,95.59
Chickpea (Gram),Alluvial,rabi,3.3,33.5,84.4,31.2,6.49,48.0,8.87,29.26
Chickpea (Gram),Clayey,rabi,10.1,12.7,74.0,49.7,7.32,81.3,8.2,82.85
Chickpea (Gram),Alluvial,rabi,7.7,31.6,60.9,29.3,6.45,31.6,9.06,69.75
Chickpea (Gram),Alluvial,zaid,10.8,18.0,30.4,27.8,5.78,31.0,7.88,85.09
Chickpea (Gram),Red,rabi,8.4,34.2,61.5,19.6,5.98,76.7,9.45,79.39
Chickpea (Gram),Loamy,kharif,2.1,43.4,70.7,36.3,7.82,28.8,9.43,19.8
Chickpea (Gram),Red,rabi,9.8,39.5,72.3,24.5,8.13,31.5,8.94,87.61
Chickpea (Gram),Sandy Loam,zaid,8.2,30.8,80.9,39.5,6.85,72.6,9.76,80.03
Chickpea (Gram),Sandy Loam,rabi,1.3,44.9,32.9,44.9,6.28,31.9,10.89,14.16
Chickpea (Gram),Clayey,rabi,2.8,17.1,54.0,42.6,8.04,74.1,7.63,21.36
Chickpea (Gram),Black,zaid,12.6,31.1,48.0,44.4,7.05,73.6,10.66,134.27
Chickpea (Gram),Alluvial,kharif,6.8,44.0,58.6,37.0,6.12,61.5,9.88,67.19
Chickpea (Gram),Alluvial,rabi,3.6,12.6,62.1,43.0,6.97,37.6,9.01,32.44
Chickpea (Gram),Clayey,zaid,3.3,17.0,39.4,28.7,5.64,47.9,7.87,25.98
Chickpea (Gram),Clayey,kharif,7.8,23.9,75.4,19.5,6.92,27.7,9.96,77.65
Chickpea (Gram),Clayey,zaid,13.3,30.0,82.2,15.9,5.77,26.6,8.17,108.66
Chickpea (Gram),Alluvial,rabi,8.6,33.1,30.6,49.9,7.86,41.8,8.14,70.02
Chickpea (Gram),Alluvial,zaid,14.9,34.5,81.6,19.4,6.57,57.3,9.97,148.54
Chickpea (Gram),Black,zaid,1.1,34.0,64.3,29.6,6.87,48.9,10.41,11.45
Chickpea (Gram),Sandy Loam,kharif,4.3,13.9,38.1,44.3,7.4,56.8,8.96,38.53
Chickpea (Gram),Black,zaid,13.9,13.0,43.9,27.3,7.69,83.6,8.5,118.13
Chickpea (Gram),Sandy Loam,kharif,4.1,24.5,51.1,51.2,6.01,71.9,8.47,34.74
Chickpea (Gram),Black,zaid,4.8,36.1,49.0,33.8,5.69,34.9,8.36,40.13
Chickpea (Gram),Sandy Loam,kharif,9.7,30.4,31.3,38.0,7.65,83.6,10.02,97.23
Chickpea (Gram),Loamy,zaid,14.3,41.3,79.2,51.7,6.08,45.3,9.33,133.47
Chickpea (Gram),Sandy Loam,kharif,9.3,30.6,37.1,31.9,7.05,58.2,11.05,102.72
Chickpea (Gram),Black,zaid,12.6,19.4,54.7,15.6,7.46,43.8,8.65,109.0
Chickpea (Gram),Clayey,rabi,8.2,15.1,52.9,26.1,8.05,27.7,8.46,69.41
Chickpea (Gram),Loamy,kharif,3.6,21.7,51.5,48.5,6.18,29.5,8.46,30.46
Chickpea (Gram),Red,zaid,9.0,12.6,29.7,41.1,6.51,31.5,8.7,78.29
Chickpea (Gram),Red,rabi,10.0,20.1,55.9,18.6,7.15,43.0,9.93,99.29
Chickpea (Gram),Alluvial,rabi,13.8,30.5,38.2,24.2,6.06,38.8,9.16,126.45
Chickpea (Gram),Black,kharif,8.8,31.1,52.1,37.4,5.73,29.3,8.49,74.74
Chickpea (Gram),Loamy,rabi,5.0,24.5,73.9,14.5,7.32,64.1,8.72,43.61
Chickpea (Gram),Alluvial,rabi,14.1,11.2,36.7,47.7,6.78,57.9,9.73,137.16
Chickpea (Gram),Clayey,rabi,11.3,17.8,35.5,38.3,6.4,27.4,9.42,106.46
Chickpea (Gram),Sandy Loam,kharif,1.0,42.1,29.4,22.0,6.67,45.4,11.46,11.46
Chickpea (Gram),Loamy,zaid,9.7,38.6,32.7,28.7,6.55,77.2,10.13,98.28
Chickpea (Gram),Alluvial,zaid,14.5,24.3,35.4,39.5,7.54,58.5,9.0,130.46
Chickpea (Gram),Black,zaid,7.0,33.1,70.1,22.8,6.63,40.1,9.21,64.5
Chickpea (Gram),Sandy Loam,kharif,6.2,36.8,78.7,46.2,6.01,81.4,8.44,52.33
Chickpea (Gram),Alluvial,zaid,4.7,38.9,32.7,36.8,6.86,56.8,9.96,46.81
Chickpea (Gram),Clayey,kharif,13.2,38.0,43.5,48.6,5.77,75.2,8.62,113.83
Chickpea (Gram),Sandy Loam,zaid,8.1,14.7,45.6,44.5,7.91,32.2,7.99,64.7
Chickpea (Gram),Black,kharif,10.6,18.7,81.3,47.1,6.31,71.0,8.48,89.93
Chickpea (Gram),Sandy Loam,zaid,13.2,16.4,31.0,41.3,6.83,74.9,9.55,126.06
Chickpea (Gram),Loamy,zaid,3.4,39.8,59.0,21.2,7.52,54.7,9.27,31.51
Chickpea (Gram),Clayey,zaid,10.9,14.2,75.4,39.5,7.45,45.8,9.68,105.48
Chickpea (Gram),Alluvial,zaid,9.6,21.2,46.4,16.7,6.48,75.7,9.53,91.45
Chickpea (Gram),Sandy Loam,zaid,13.1,15.1,83.2,36.1,8.29,78.7,7.13,93.44
Chickpea (Gram),Clayey,kharif,1.8,19.4,57.8,20.5,5.97,51.8,8.07,14.53
Chickpea (Gram),Red,rabi,7.6,26.3,77.1,34.1,6.81,48.6,9.84,74.76
Chickpea (Gram),Sandy Loam,zaid,13.5,40.4,66.1,19.2,6.28,26.8,9.81,132.42
Chickpea (Gram),Sandy Loam,rabi,5.4,40.1,42.7,14.1,6.55,58.2,10.41,56.19
Chickpea (Gram),Alluvial,kharif,13.1,14.2,59.3,33.5,6.29,73.3,8.95,117.28
Chickpea (Gram),Alluvial,rabi,11.1,18.6,67.9,25.7,6.18,28.4,9.01,100.07
Chickpea (Gram),Red,kharif,11.1,14.4,30.0,51.8,6.15,27.2,8.93,99.15
Chickpea (Gram),Clayey,kharif,7.2,34.1,56.8,46.7,7.92,24.6,8.62,62.05
Chickpea (Gram),Black,rabi,7.5,45.1,55.3,51.5,7.61,38.9,9.88,74.07
Chickpea (Gram),Loamy,rabi,2.4,35.2,47.5,14.3,6.63,38.1,10.04,24.11
Chickpea (Gram),Red,rabi,5.7,39.5,28.0,25.7,6.18,38.0,8.67,49.42
Chickpea (Gram),Red,rabi,6.3,41.2,79.1,32.7,6.42,30.4,10.21,64.3
Chickpea (Gram),Sandy Loam,rabi,5.2,20.9,46.1,20.2,7.69,31.3,8.24,42.83
Chickpea (Gram),Loamy,rabi,13.7,17.2,74.4,34.7,5.72,81.3,8.03,110.02
Chickpea (Gram),Red,kharif,13.0,16.4,76.2,14.5,6.93,70.2,9.22,119.85
Chickpea (Gram),Black,rabi,14.3,36.9,53.2,36.5,7.46,35.7,9.22,131.91
Chickpea (Gram),Alluvial,kharif,12.6,33.4,51.2,39.2,5.83,48.1,8.43,106.26
Chickpea (Gram),Alluvial,zaid,14.3,17.8,42.7,50.8,7.56,66.0,8.97,128.24
Chickpea (Gram),Red,kharif,10.9,28.1,74.8,33.3,7.24,52.7,10.36,112.93
Chickpea (Gram),Red,zaid,9.9,26.3,58.0,42.3,7.81,65.8,8.61,85.25
Chickpea (Gram),Red,zaid,12.5,30.2,65.9,49.2,7.23,73.5,9.97,124.57
Chickpea (Gram),Loamy,kharif,7.0,44.4,65.2,35.4,8.11,59.2,9.75,68.26
Chickpea (Gram),Sandy Loam,zaid,11.0,17.3,54.6,32.0,6.56,55.0,8.52,93.71
Chickpea (Gram),Loamy,rabi,2.0,30.7,76.2,41.6,6.51,29.2,9.46,18.93
Chickpea (Gram),Alluvial,kharif,8.6,17.7,58.7,22.8,7.88,47.8,8.51,73.18
Chickpea (Gram),Loamy,kharif,2.6,30.5,60.9,41.2,6.17,50.6,8.85,23.0
Chickpea (Gram),Clayey,rabi,8.5,17.3,37.4,48.8,6.42,46.3,8.59,73.0
Chickpea (Gram),Black,zaid,11.3,31.4,77.8,15.9,6.22,51.9,9.78,110.52
Chickpea (Gram),Clayey,zaid,11.4,42.7,51.9,27.0,8.19,50.7,7.77,88.52
Chickpea (Gram),Black,zaid,9.0,37.2,73.9,27.0,6.71,74.9,10.17,91.54
Chickpea (Gram),Red,kharif,9.4,22.4,58.8,15.6,7.59,50.8,9.43,88.6
Chickpea (Gram),Loamy,rabi,9.9,17.0,70.3,34.7,6.07,41.5,7.64,75.63
Chickpea (Gram),Black,kharif,7.8,18.1,82.7,41.2,8.18,49.6,8.17,63.69
Chickpea (Gram),Loamy,kharif,10.9,19.3,53.2,18.7,6.08,24.1,8.49,92.49
Chickpea (Gram),Black,rabi,14.7,19.0,65.5,45.9,7.04,33.2,9.81,144.13
Chickpea (Gram),Loamy,rabi,13.0,25.1,45.5,49.6,6.94,53.8,10.68,138.81
Chickpea (Gram),Loamy,rabi,2.5,40.0,62.7,26.4,6.04,57.3,8.68,21.7
Chickpea (Gram),Clayey,zaid,2.2,23.0,66.4,24.4,7.82,68.4,8.68,19.1
Chickpea (Gram),Clayey,kharif,2.7,15.4,44.2,33.7,7.59,74.2,8.71,23.51
Chickpea (Gram),Clayey,zaid,5.3,19.8,67.3,21.3,5.76,55.9,8.14,43.16
Chickpea (Gram),Black,rabi,2.4,38.2,73.9,32.3,5.66,34.5,9.08,21.78
Chickpea (Gram),Alluvial,rabi,11.2,42.8,71.1,36.5,6.04,64.0,9.9,110.9
Chickpea (Gram),Alluvial,zaid,4.5,24.8,43.8,19.2,7.54,72.8,9.39,42.23
Chickpea (Gram),Black,kharif,10.2,25.8,43.6,35.2,6.47,80.0,9.02,92.01
Chickpea (Gram),Alluvial,kharif,11.1,39.8,76.7,26.0,7.89,26.5,9.16,101.62
Chickpea (Gram),Sandy Loam,zaid,2.2,44.5,57.3,37.3,6.16,53.0,9.45,20.78
Chickpea (Gram),Red,rabi,2.0,14.2,75.3,23.1,6.05,54.3,7.85,15.7
Chickpea (Gram),Black,kharif,1.7,39.7,34.7,15.7,6.73,74.6,10.5,17.86
Chickpea (Gram),Black,zaid,6.9,11.9,53.4,35.9,7.1,43.9,8.76,60.47
Chickpea (Gram),Loamy,kharif,2.4,37.3,82.6,50.9,7.92,60.0,8.8,21.12
Chickpea (Gram),Alluvial,rabi,9.8,26.4,55.2,42.8,6.29,43.1,9.52,93.31
Chickpea (Gram),Clayey,rabi,8.6,19.2,47.4,46.4,7.07,54.9,9.44,81.17
Chickpea (Gram),Loamy,rabi,1.2,44.2,49.3,36.9,5.72,65.0,9.02,10.82
Chickpea (Gram),Sandy Loam,kharif,6.7,41.3,64.7,48.2,7.25,31.9,10.55,70.66
Groundnut (Peanut),Black,zaid,3.8,48.5,66.0,50.8,6.02,54.7,11.57,43.96
Groundnut (Peanut),Red,rabi,14.2,51.8,50.5,32.1,6.36,107.8,13.49,191.59
Groundnut (Peanut),Clayey,zaid,14.3,27.0,77.3,57.9,7.24,65.4,8.83,126.23
Groundnut (Peanut),Loamy,rabi,9.7,18.6,76.8,29.2,6.37,79.0,10.79,104.62
Groundnut (Peanut),Black,rabi,2.4,30.3,59.4,30.5,6.81,113.9,10.61,25.46
Groundnut (Peanut),Clayey,zaid,4.4,21.7,75.7,61.4,5.41,67.1,8.79,38.66
Groundnut (Peanut),Loamy,rabi,12.2,30.5,71.5,28.9,7.57,57.5,10.28,125.37
Groundnut (Peanut),Loamy,kharif,9.5,30.9,65.1,31.0,5.44,64.0,9.38,89.07
Groundnut (Peanut),Black,kharif,3.4,27.5,48.0,23.5,6.7,110.7,11.24,38.22
Groundnut (Peanut),Sandy Loam,zaid,6.9,40.6,48.5,43.2,5.32,95.3,9.44,65.13
Groundnut (Peanut),Sandy Loam,zaid,8.1,42.5,43.5,43.6,7.36,77.4,10.95,88.74
Groundnut (Peanut),Clayey,zaid,7.2,49.7,42.7,41.9,7.12,95.1,10.22,73.61
Groundnut (Peanut),Black,kharif,15.0,30.2,33.6,22.3,7.04,109.9,10.33,155.0
Groundnut (Peanut),Loamy,zaid,12.5,25.8,48.1,43.1,7.31,92.1,9.72,121.51
Groundnut (Peanut),Clayey,rabi,3.5,33.5,63.8,63.8,5.78,40.8,10.37,36.3
Groundnut (Peanut),Black,kharif,1.1,31.4,44.5,23.3,6.38,60.4,11.03,12.14
Groundnut (Peanut),Red,zaid,8.3,18.7,76.1,49.0,7.14,46.3,9.71,80.56
Groundnut (Peanut),Sandy Loam,zaid,1.4,43.8,28.5,54.5,7.44,74.6,9.9,13.86
Groundnut (Peanut),Alluvial,rabi,4.5,33.4,73.4,55.5,6.47,115.6,11.72,52.75
Groundnut (Peanut),Alluvial,kharif,3.0,36.0,42.1,33.3,6.27,119.9,11.11,33.32
Groundnut (Peanut),Red,rabi,9.1,17.1,35.7,40.3,6.53,60.7,10.48,95.35
Groundnut (Peanut),Clayey,zaid,11.0,28.9,40.9,36.3,7.21,90.0,10.13,111.47
Groundnut (Peanut),Red,zaid,10.5,35.7,58.5,62.5,7.19,41.9,11.66,122.44
Groundnut (Peanut),Red,kharif,4.0,47.0,75.8,31.4,7.42,47.8,10.95,43.8
Groundnut (Peanut),Loamy,rabi,2.8,16.2,70.3,23.6,5.95,48.3,9.64,26.98
Groundnut (Peanut),Red,rabi,6.2,43.3,36.5,37.9,6.13,74.5,11.45,70.96
Groundnut (Peanut),Loamy,kharif,8.2,44.3,44.9,52.0,5.75,100.0,10.64,87.28
Groundnut (Peanut),Sandy Loam,zaid,8.2,30.9,76.3,46.1,7.37,51.2,9.88,81.0
Groundnut (Peanut),Clayey,rabi,13.2,36.2,63.9,37.4,5.52,76.6,10.65,140.57
Groundnut (Peanut),Sandy Loam,zaid,9.4,34.9,53.7,51.4,7.31,65.8,10.23,96.2
Groundnut (Peanut),Loamy,rabi,8.4,40.1,41.7,53.4,5.42,43.9,9.35,78.51
Groundnut (Peanut),Alluvial,zaid,7.9,26.2,37.6,34.6,7.64,72.9,8.83,69.74
Groundnut (Peanut),Black,zaid,9.1,51.4,40.1,51.0,7.02,88.6,11.89,108.18
Groundnut (Peanut),Sandy Loam,rabi,9.3,42.1,38.5,58.0,5.37,107.5,9.84,91.47
Groundnut (Peanut),Black,zaid,14.1,39.7,34.0,24.0,6.46,57.6,12.34,173.92
Groundnut (Peanut),Black,zaid,11.0,24.3,66.0,52.8,5.32,80.7,9.09,99.94
Groundnut (Peanut),Clayey,rabi,14.7,50.3,68.0,31.6,5.46,65.4,10.71,157.5
Groundnut (Peanut),Clayey,rabi,12.8,27.7,62.4,34.8,5.45,96.1,8.78,112.44
Groundnut (Peanut),Alluvial,kharif,6.7,26.5,62.7,54.7,6.03,104.9,10.31,69.08
Groundnut (Peanut),Clayey,zaid,14.8,22.6,61.1,47.8,7.5,52.5,8.62,127.65
Groundnut (Peanut),Sandy Loam,kharif,1.0,23.9,53.9,52.8,5.72,83.8,9.68,9.68
Groundnut (Peanut),Red,kharif,7.9,25.8,37.1,43.2,6.07,60.6,11.51,90.96
Groundnut (Peanut),Alluvial,zaid,5.2,31.3,36.2,34.4,6.79,64.1,11.26,58.54
Groundnut (Peanut),Loamy,kharif,12.7,35.9,60.3,41.2,6.57,42.8,12.22,155.16
Groundnut (Peanut),Sandy Loam,rabi,2.1,30.5,42.6,45.0,5.62,95.3,9.8,20.58
Groundnut (Peanut),Sandy Loam,rabi,3.0,47.3,54.4,41.6,5.56,92.0,10.97,32.92
Groundnut (Peanut),Clayey,zaid,12.6,37.8,31.8,25.9,5.42,60.6,9.83,123.91
Groundnut (Peanut),Sandy Loam,kharif,14.2,37.2,69.7,52.3,5.57,98.9,9.96,141.47
Groundnut (Peanut),Clayey,rabi,9.9,27.0,77.9,32.6,5.97,114.5,10.88,107.71
Groundnut (Peanut),Sandy Loam,rabi,1.3,17.5,62.0,59.7,6.53,83.1,11.09,14.42
Groundnut (Peanut),Loamy,zaid,11.8,42.6,57.4,30.4,5.53,45.1,11.09,130.88
Groundnut (Peanut),Alluvial,rabi,7.5,43.8,75.3,33.1,6.26,114.5,12.07,90.52
Groundnut (Peanut),Sandy Loam,kharif,14.7,39.1,68.8,54.0,6.98,64.6,11.09,163.02
Groundnut (Peanut),Red,kharif,1.2,19.3,63.8,63.8,7.66,79.5,8.84,10.61
Groundnut (Peanut),Black,rabi,11.3,33.0,56.6,27.0,7.55,68.2,10.82,122.29
Groundnut (Peanut),Sandy Loam,kharif,4.6,38.0,29.2,52.7,6.53,88.5,11.57,53.24
Groundnut (Peanut),Black,kharif,8.4,36.1,62.2,54.1,7.05,109.6,10.69,89.78
Groundnut (Peanut),Alluvial,kharif,1.2,15.9,56.6,57.1,6.08,68.0,9.47,11.36
Groundnut (Peanut),Red,kharif,1.4,41.9,59.3,46.6,7.08,94.0,10.82,15.15
Groundnut (Peanut),Red,rabi,2.8,39.7,70.9,63.4,6.81,54.7,10.86,30.4
Groundnut (Peanut),Sandy Loam,kharif,12.4,36.0,58.9,55.4,6.99,106.8,10.75,133.34
Groundnut (Peanut),Alluvial,kharif,5.4,50.4,29.7,46.5,5.7,97.0,11.57,62.5
Groundnut (Peanut),Red,rabi,9.7,15.8,52.2,21.6,7.51,118.1,8.83,85.65
Groundnut (Peanut),Red,kharif,4.5,48.0,56.7,36.4,7.3,79.5,10.68,48.07
Groundnut (Peanut),Loamy,zaid,14.0,20.3,28.1,64.3,7.47,44.4,9.34,130.74
Groundnut (Peanut),Loamy,zaid,13.3,21.5,75.4,30.0,6.77,57.8,11.3,150.28
Groundnut (Peanut),Loamy,rabi,10.6,21.2,54.0,41.6,5.47,105.5,9.75,103.31
Groundnut (Peanut),Black,zaid,12.1,19.4,34.5,49.3,5.77,47.8,8.87,107.31
Groundnut (Peanut),Loamy,kharif,3.3,18.7,46.3,31.1,5.82,44.4,9.69,31.96
Groundnut (Peanut),Loamy,zaid,3.0,30.1,45.1,29.1,5.32,77.4,8.92,26.76
Groundnut (Peanut),Alluvial,zaid,4.2,19.0,72.4,33.1,5.84,108.6,9.76,40.98
Groundnut (Peanut),Clayey,zaid,4.0,17.0,56.7,25.3,6.38,115.2,11.34,45.35
Groundnut (Peanut),Clayey,kharif,4.4,37.7,51.7,59.5,5.95,40.3,10.74,47.25
Groundnut (Peanut),Sandy Loam,rabi,1.4,28.3,59.3,27.4,7.28,58.8,9.61,13.45
Groundnut (Peanut),Sandy Loam,zaid,6.7,36.6,33.4,21.7,7.48,61.6,9.81,65.75
Groundnut (Peanut),Sandy Loam,kharif,14.5,48.8,53.1,56.0,5.63,118.2,10.48,151.97
Groundnut (Peanut),Alluvial,rabi,3.3,25.4,33.0,33.0,7.26,70.3,9.88,32.61
Groundnut (Peanut),Sandy Loam,zaid,9.8,29.8,36.3,64.4,7.27,62.5,9.87,96.71
Groundnut (Peanut),Clayey,rabi,1.8,18.6,57.0,61.9,6.49,107.4,11.88,21.38
Groundnut (Peanut),Red,zaid,6.1,38.2,31.5,36.9,6.58,119.7,11.58,70.66
Groundnut (Peanut),Black,kharif,12.4,30.4,67.8,47.2,7.43,72.9,10.77,133.57
Groundnut (Peanut),Black,rabi,3.0,17.6,28.8,59.4,5.87,56.9,10.49,31.46
Groundnut (Peanut),Clayey,rabi,8.1,20.2,76.0,58.5,7.37,72.5,9.3,75.36
Groundnut (Peanut),Red,rabi,7.1,34.0,38.0,54.0,7.09,51.6,10.95,77.75
Groundnut (Peanut),Clayey,zaid,4.8,51.3,47.1,28.8,6.14,75.2,12.11,58.14
Groundnut (Peanut),Clayey,rabi,11.3,15.1,55.1,23.3,6.98,44.5,9.6,108.49
Groundnut (Peanut),Black,kharif,14.9,32.2,52.3,45.9,7.5,104.1,10.79,160.74
Groundnut (Peanut),Red,kharif,7.9,21.3,51.2,31.8,7.5,66.8,9.23,72.89
Groundnut (Peanut),Sandy Loam,rabi,8.5,38.0,55.1,26.7,6.2,47.9,10.93,92.9
Groundnut (Peanut),Clayey,zaid,4.1,20.3,48.3,61.8,7.01,73.5,11.25,46.11
Groundnut (Peanut),Sandy Loam,zaid,2.2,51.4,61.3,33.6,6.71,48.8,11.55,25.41
Groundnut (Peanut),Sandy Loam,kharif,14.6,14.2,48.6,25.4,6.52,42.0,11.04,161.16
Groundnut (Peanut),Red,rabi,11.3,40.0,38.6,31.5,5.98,72.9,10.45,118.05
Groundnut (Peanut),Black,rabi,13.0,29.5,77.0,49.6,7.08,42.5,9.86,128.23
Groundnut (Peanut),Clayey,zaid,9.9,48.2,59.2,26.9,5.58,107.5,10.85,107.45
Groundnut (Peanut),Loamy,kharif,10.4,40.2,45.1,30.5,7.25,57.4,10.14,105.42
Groundnut (Peanut),Sandy Loam,rabi,14.6,19.6,75.0,29.0,6.66,70.2,10.84,158.23
Groundnut (Peanut),Loamy,zaid,8.0,23.8,63.1,21.6,5.42,87.9,9.37,74.97
Groundnut (Peanut),Black,kharif,14.3,48.3,63.7,57.0,6.9,50.0,11.38,162.68
Groundnut (Peanut),Alluvial,kharif,12.5,34.4,71.0,30.4,6.76,46.7,11.71,146.35
Groundnut (Peanut),Red,rabi,2.0,37.8,40.7,56.4,7.26,118.3,8.97,17.94
Groundnut (Peanut),Sandy Loam,kharif,2.9,34.8,55.3,24.9,6.3,108.3,11.53,33.45
Groundnut (Peanut),Alluvial,rabi,13.8,43.1,32.0,40.7,5.54,41.3,10.73,148.12
Groundnut (Peanut),Black,zaid,4.3,38.3,39.8,52.4,7.4,50.1,10.44,44.9
Groundnut (Peanut),Loamy,rabi,1.6,25.0,50.6,26.1,6.39,108.3,10.66,17.06
Groundnut (Peanut),Clayey,kharif,7.6,27.7,45.9,44.3,6.7,103.7,11.16,84.84
Groundnut (Peanut),Clayey,rabi,7.9,46.2,69.6,38.8,6.1,79.4,10.81,85.43
Groundnut (Peanut),Red,kharif,8.4,35.2,76.9,55.0,5.56,102.3,10.38,87.19
Groundnut (Peanut),Clayey,kharif,7.3,22.0,62.5,59.6,6.0,46.6,10.81,78.9
Groundnut (Peanut),Red,kharif,3.6,32.9,41.8,53.2,5.48,93.1,9.32,33.54
Groundnut (Peanut),Sandy Loam,zaid,7.8,24.9,64.1,62.6,7.5,86.7,10.21,79.67
Groundnut (Peanut),Black,rabi,3.6,45.2,49.4,29.3,5.98,61.4,11.33,40.79
Groundnut (Peanut),Sandy Loam,rabi,3.7,49.9,76.8,37.6,7.52,83.6,11.2,41.46
Groundnut (Peanut),Loamy,zaid,14.8,24.1,61.6,23.3,5.57,40.3,9.15,135.45
Groundnut (Peanut),Red,zaid,13.1,36.9,64.4,26.1,6.71,93.4,11.72,153.51
Groundnut (Peanut),Red,rabi,5.4,37.6,59.9,51.8,5.57,108.0,10.18,54.99
Groundnut (Peanut),Red,zaid,7.6,51.3,65.0,26.2,7.12,47.6,11.49,87.36
Groundnut (Peanut),Alluvial,zaid,3.4,39.6,36.7,52.9,6.51,94.4,11.84,40.24
Groundnut (Peanut),Alluvial,kharif,11.4,51.8,61.3,42.7,7.52,41.3,11.09,126.48
Groundnut (Peanut),Loamy,rabi,7.3,21.8,56.3,49.6,6.03,76.8,10.48,76.53
Sugarcane,Alluvial,kharif,12.7,160.8,71.4,91.4,6.01,155.6,332.12,4217.86
Sugarcane,Alluvial,zaid,2.5,142.4,51.6,43.4,6.58,136.2,311.56,778.9
Sugarcane,Red,rabi,2.3,99.1,48.7,130.0,5.51,235.0,263.01,604.92
Sugarcane,Black,zaid,11.7,223.0,68.4,69.8,7.87,242.7,373.89,4374.51
Sugarcane,Sandy Loam,kharif,10.7,120.5,99.3,51.2,6.3,213.6,308.9,3305.28
Sugarcane,Clayey,rabi,6.1,145.0,90.8,75.4,5.64,151.8,290.79,1773.8
Sugarcane,Sandy Loam,rabi,11.9,142.5,74.9,122.2,7.16,151.4,373.24,4441.57
Sugarcane,Loamy,zaid,6.9,142.6,80.9,61.0,6.16,251.3,311.46,2149.08
Sugarcane,Alluvial,zaid,9.5,109.0,90.0,105.4,5.76,203.5,272.66,2590.23
Sugarcane,Black,zaid,6.4,89.6,98.3,101.2,8.47,278.9,245.96,1574.13
Sugarcane,Red,rabi,8.3,112.6,66.9,121.5,5.65,275.4,285.63,2370.72
Sugarcane,Red,rabi,10.4,183.7,66.2,115.5,8.38,259.5,302.61,3147.11
Sugarcane,Sandy Loam,kharif,12.8,113.2,92.1,91.5,7.79,248.4,310.01,3968.17
Sugarcane,Clayey,kharif,7.0,229.0,66.2,54.6,6.67,291.3,365.8,2560.62
Sugarcane,Clayey,rabi,13.2,216.2,59.2,49.3,7.67,176.1,359.92,4750.99
Sugarcane,Red,zaid,11.9,141.4,65.6,75.1,6.6,214.7,365.48,4349.27
Sugarcane,Loamy,zaid,6.1,162.6,81.3,65.7,6.33,288.0,346.7,2114.87
Sugarcane,Clayey,kharif,1.4,176.7,70.2,90.0,6.58,134.7,388.3,543.62
Sugarcane,Black,kharif,14.3,145.3,67.2,46.6,5.61,249.1,298.98,4275.35
Sugarcane,Black,rabi,11.4,109.2,48.1,82.5,6.36,164.5,359.06,4093.34
Sugarcane,Clayey,zaid,9.9,204.9,91.9,118.4,6.74,245.6,391.92,3879.96
Sugarcane,Sandy Loam,rabi,8.6,152.7,100.2,101.3,5.69,203.8,288.71,2482.94
Sugarcane,Alluvial,rabi,7.6,152.3,75.2,73.4,5.99,210.7,320.65,2436.91
Sugarcane,Alluvial,zaid,14.1,220.8,49.4,45.5,7.72,269.0,382.68,5395.72
Sugarcane,Black,zaid,2.5,110.1,82.6,98.8,8.18,251.9,286.92,717.29
Sugarcane,Clayey,zaid,8.9,97.2,63.5,108.0,7.58,298.3,307.47,2736.52
Sugarcane,Sandy Loam,rabi,12.9,150.5,98.4,80.8,7.15,263.3,368.67,4755.79
Sugarcane,Red,rabi,6.8,128.9,86.6,60.3,6.12,154.1,309.72,2106.11
Sugarcane,Alluvial,zaid,6.9,141.8,98.2,109.1,7.02,297.9,349.1,2408.79
Sugarcane,Sandy Loam,rabi,2.4,193.5,61.7,111.0,6.98,152.6,390.63,937.51
Sugarcane,Red,rabi,13.3,161.3,88.5,91.5,7.16,140.7,366.66,4876.52
Sugarcane,Sandy Loam,rabi,1.3,192.4,37.2,94.4,7.12,294.4,364.58,473.95
Sugarcane,Alluvial,zaid,5.0,174.6,38.4,50.3,5.6,209.9,292.01,1460.06
Sugarcane,Clayey,zaid,4.2,186.8,102.8,102.8,8.15,290.7,324.24,1361.8
Sugarcane,Red,rabi,12.9,137.5,53.0,125.3,7.68,159.5,346.19,4465.89
Sugarcane,Alluvial,rabi,10.1,197.1,77.9,89.5,7.75,251.0,346.31,3497.73
Sugarcane,Red,rabi,6.0,144.9,102.0,51.9,6.31,208.6,321.67,1930.0
Sugarcane,Alluvial,kharif,5.2,145.6,50.0,127.0,5.89,186.9,308.95,1606.56
Sugarcane,Alluvial,zaid,4.1,201.1,48.9,49.0,6.92,121.8,395.48,1621.45
Sugarcane,Red,rabi,13.9,115.0,95.3,44.7,5.77,273.8,284.43,3953.59
Sugarcane,Sandy Loam,kharif,11.5,115.4,72.1,106.9,7.38,204.9,328.97,3783.18
Sugarcane,Clayey,kharif,11.2,194.3,40.5,73.6,8.08,161.9,333.44,3734.49
Sugarcane,Red,rabi,1.1,95.3,52.3,100.9,8.16,202.8,260.26,286.29
Sugarcane,Alluvial,kharif,14.5,124.3,69.1,49.6,7.18,210.5,350.19,5077.73
Sugarcane,Black,rabi,7.2,134.1,71.0,93.5,5.53,257.0,266.93,1921.9
Sugarcane,Sandy Loam,kharif,5.0,216.2,76.0,95.5,6.71,241.8,415.72,2078.62
Sugarcane,Loamy,rabi,10.8,168.0,61.7,79.0,7.19,121.1,371.24,4009.41
Sugarcane,Loamy,kharif,6.2,169.3,95.8,124.9,7.72,135.6,330.31,2047.94
Sugarcane,Black,rabi,6.7,154.6,38.4,58.8,7.87,201.7,307.55,2060.56
Sugarcane,Alluvial,rabi,6.5,220.4,37.0,109.7,8.21,200.3,308.96,2008.21
Sugarcane,Clayey,kharif,14.2,115.8,70.9,83.8,6.28,267.3,312.67,4439.98
Sugarcane,Red,rabi,9.5,92.6,81.4,88.7,7.49,226.2,313.23,2975.68
Sugarcane,Black,zaid,5.3,162.7,80.0,110.6,7.8,295.1,323.86,1716.47
Sugarcane,Loamy,rabi,11.4,149.7,91.4,90.3,8.29,290.6,293.53,3346.26
Sugarcane,Alluvial,zaid,9.2,96.8,66.0,108.6,7.88,209.0,287.67,2646.54
Sugarcane,Clayey,rabi,3.7,217.8,64.7,59.4,6.81,193.6,405.54,1500.49
Sugarcane,Black,rabi,8.3,106.5,39.5,106.2,7.18,184.6,325.51,2701.76
Sugarcane,Clayey,zaid,5.3,94.9,99.4,76.7,7.88,170.2,308.85,1636.93
Sugarcane,Sandy Loam,kharif,1.6,208.6,74.4,95.5,7.07,277.4,404.46,647.13
Sugarcane,Red,zaid,8.2,163.4,62.7,68.2,7.55,157.4,353.37,2897.65
Sugarcane,Black,zaid,12.2,146.3,54.6,67.0,6.95,249.5,385.2,4699.46
Sugarcane,Black,rabi,5.3,87.7,35.3,62.0,6.72,273.2,291.89,1547.02
Sugarcane,Alluvial,kharif,4.7,120.7,50.7,71.9,6.99,199.0,342.35,1609.06
Sugarcane,Alluvial,rabi,2.3,149.7,50.9,67.6,7.82,133.6,316.86,728.77
Sugarcane,Red,rabi,7.0,173.4,41.2,71.7,5.77,293.1,308.03,2156.19
Sugarcane,Black,zaid,14.1,135.7,46.1,91.6,8.33,120.7,307.22,4331.82
Sugarcane,Red,rabi,3.0,198.6,89.5,98.3,8.06,252.7,330.05,990.15
Sugarcane,Red,kharif,11.1,101.1,70.8,93.7,6.02,293.3,303.5,3368.88
Sugarcane,Red,kharif,3.5,221.3,67.1,47.6,7.29,228.3,434.81,1521.83
Sugarcane,Loamy,kharif,13.3,133.2,42.8,118.6,7.41,149.7,363.19,4830.42
Sugarcane,Red,rabi,11.3,152.0,103.3,46.8,6.57,206.7,310.42,3507.72
Sugarcane,Clayey,rabi,11.9,225.2,94.5,91.7,6.73,179.9,395.38,4705.0
Sugarcane,Loamy,kharif,2.5,187.3,52.9,64.4,8.49,153.8,330.34,825.84
Sugarcane,Red,kharif,7.1,204.0,86.0,79.5,6.5,177.0,390.47,2772.37
Sugarcane,Clayey,rabi,1.7,85.9,89.9,84.0,5.89,162.4,272.98,464.07
Sugarcane,Black,rabi,14.7,228.9,49.9,113.4,6.09,158.4,390.17,5735.49
Sugarcane,Loamy,kharif,6.7,223.7,41.1,87.0,8.26,282.7,326.25,2185.88
Sugarcane,Red,zaid,3.2,229.2,98.1,56.7,5.86,135.4,325.29,1040.94
Sugarcane,Alluvial,rabi,3.7,146.4,66.0,94.7,5.72,160.8,311.36,1152.05
Sugarcane,Sandy Loam,kharif,13.7,179.1,40.0,122.0,8.37,134.0,282.91,3875.93
Sugarcane,Alluvial,zaid,11.0,131.2,56.1,55.4,6.29,197.0,304.81,3352.91
Sugarcane,Black,zaid,7.1,112.9,48.2,109.7,6.3,258.1,328.55,2332.71
Sugarcane,Alluvial,rabi,5.5,153.8,100.1,124.0,6.12,184.5,321.46,1768.02
Sugarcane,Clayey,kharif,13.6,223.5,61.5,85.3,8.19,265.2,317.06,4311.98
Sugarcane,Black,rabi,5.5,147.3,50.9,59.6,5.61,235.8,299.59,1647.76
Sugarcane,Red,kharif,7.8,146.4,102.5,59.6,6.15,172.5,309.04,2410.51
Sugarcane,Red,zaid,8.4,98.8,91.0,118.2,6.02,273.1,289.95,2435.57
Sugarcane,Clayey,kharif,6.4,126.3,84.8,117.8,7.46,212.1,346.29,2216.24
Sugarcane,Black,zaid,1.7,150.9,38.4,92.1,6.65,256.3,362.51,616.27
Sugarcane,Sandy Loam,kharif,1.1,94.9,55.0,119.6,5.94,248.0,258.69,284.56
Sugarcane,Black,kharif,7.6,151.0,35.5,114.1,6.58,217.3,365.31,2776.39
Sugarcane,Red,kharif,8.4,144.0,100.8,98.5,6.39,142.8,347.83,2921.74
Sugarcane,Sandy Loam,rabi,6.1,183.1,67.5,59.5,7.31,130.9,391.1,2385.7
Sugarcane,Red,kharif,11.5,208.2,88.2,45.4,6.08,216.6,307.19,3532.73
Sugarcane,Alluvial,rabi,5.6,154.9,95.5,45.5,7.91,186.4,325.32,1821.77
Sugarcane,Alluvial,rabi,10.7,107.9,96.8,77.6,6.87,247.0,343.05,3670.68
Sugarcane,Alluvial,zaid,10.3,142.8,60.4,102.7,6.66,182.3,325.03,3347.78
Sugarcane,Alluvial,rabi,3.3,175.0,83.9,43.9,5.61,282.5,314.54,1037.99
Sugarcane,Red,zaid,13.5,118.2,86.1,69.3,8.08,246.1,281.78,3804.07
Sugarcane,Loamy,rabi,9.6,84.4,35.6,113.2,6.28,234.5,291.2,2795.52
Sugarcane,Clayey,zaid,12.7,123.7,66.0,89.3,7.49,261.1,353.04,4483.55
Sugarcane,Sandy Loam,rabi,14.1,141.5,85.3,43.8,6.12,207.7,296.1,4174.95
Sugarcane,Clayey,kharif,5.2,154.2,53.8,82.8,8.16,201.9,273.19,1420.6
Sugarcane,Alluvial,zaid,8.3,185.6,88.7,53.5,7.3,126.2,393.68,3267.52
Sugarcane,Black,rabi,3.2,111.4,60.2,80.1,7.37,133.4,303.87,972.39
Sugarcane,Alluvial,kharif,9.0,85.3,52.8,77.8,6.88,173.6,324.08,2916.69
Sugarcane,Red,kharif,10.2,176.8,56.4,49.5,5.77,286.2,300.67,3066.82
Sugarcane,Loamy,rabi,9.3,209.3,38.0,62.8,8.17,121.6,337.87,3142.17
Sugarcane,Clayey,rabi,14.4,176.0,53.1,47.9,5.58,164.1,297.94,4290.31
Sugarcane,Sandy Loam,kharif,13.9,145.2,48.2,87.5,8.22,264.8,312.42,4342.58
Sugarcane,Alluvial,zaid,10.7,169.8,97.6,52.8,7.1,278.3,363.82,3892.93
Sugarcane,Sandy Loam,kharif,7.7,109.9,86.9,122.2,7.16,214.9,292.97,2255.86
Sugarcane,Sandy Loam,rabi,13.8,113.6,102.9,106.8,7.82,238.1,342.3,4723.67
Sugarcane,Black,kharif,11.1,197.1,50.1,81.0,7.35,258.6,355.41,3945.06
Sugarcane,Alluvial,zaid,4.9,207.1,75.3,86.8,6.46,251.6,386.79,1895.26
Sugarcane,Sandy Loam,rabi,13.1,158.9,65.3,95.8,7.37,143.8,336.22,4404.51
Sugarcane,Sandy Loam,rabi,4.4,156.5,96.2,75.3,7.75,137.4,333.63,1467.97
Sugarcane,Black,rabi,5.5,231.2,44.3,69.7,6.96,206.0,412.13,2266.7
Sugarcane,Red,zaid,3.5,105.7,52.6,122.5,5.84,256.3,292.3,1023.04
Sugarcane,Red,zaid,4.7,117.7,67.1,65.3,7.7,234.5,321.32,1510.21
Tomato,Black,rabi,2.6,124.7,46.5,59.3,6.39,61.1,124.63,324.04
Tomato,Alluvial,zaid,4.7,90.2,44.2,83.9,6.74,86.3,123.12,578.68
Tomato,Loamy,zaid,13.8,125.6,50.3,51.0,6.17,100.0,120.99,1669.62
Tomato,Clayey,zaid,1.6,93.1,56.2,74.4,6.85,98.0,113.88,182.21
Tomato,Black,kharif,7.1,115.4,91.6,50.2,6.67,53.6,126.12,895.47
Tomato,Black,kharif,12.4,118.1,92.1,60.2,7.49,56.4,108.69,1347.7
Tomato,Sandy Loam,kharif,1.7,52.6,80.0,72.4,6.06,46.5,93.09,158.26
Tomato,Sandy Loam,zaid,13.5,59.2,42.7,52.1,5.57,37.5,84.21,1136.85
Tomato,Alluvial,rabi,7.0,110.9,97.0,87.1,5.61,39.9,106.83,747.83
Tomato,Alluvial,rabi,13.0,124.1,94.4,80.0,6.25,105.1,129.39,1682.02
Tomato,Sandy Loam,kharif,1.9,101.1,71.7,103.4,6.94,58.5,106.97,203.25
Tomato,Clayey,kharif,10.4,54.8,51.0,90.9,6.56,62.6,108.48,1128.15
Tomato,Clayey,rabi,7.2,111.4,51.5,42.4,6.97,105.9,112.7,811.44
Tomato,Alluvial,rabi,4.3,98.2,60.2,56.2,7.29,88.5,109.3,470.01
Tomato,Clayey,rabi,4.3,56.9,71.0,79.9,5.91,36.3,94.45,406.12
Tomato,Sandy Loam,rabi,5.9,83.4,43.0,50.4,6.86,83.3,104.04,613.82
Tomato,Red,zaid,5.6,52.4,66.0,79.3,5.87,89.8,93.57,523.99
Tomato,Loamy,kharif,10.2,80.6,47.2,92.1,5.84,97.0,99.7,1016.96
Tomato,Red,kharif,2.5,105.2,67.4,62.4,6.43,54.7,115.45,288.63
Tomato,Sandy Loam,kharif,9.2,56.2,61.9,54.0,7.67,74.6,85.86,789.89
Tomato,Black,rabi,5.6,56.7,96.0,61.6,6.43,81.4,93.4,523.07
Tomato,Red,zaid,2.8,50.5,78.1,62.6,6.88,43.4,99.96,279.9
Tomato,Sandy Loam,rabi,8.1,96.4,67.1,76.0,6.23,37.4,112.26,909.34
Tomato,Clayey,kharif,12.6,88.3,69.0,62.9,5.9,38.5,100.03,1260.34
Tomato,Black,zaid,10.7,80.6,61.0,74.1,6.31,39.6,114.83,1228.66
Tomato,Black,kharif,7.4,64.7,48.1,43.6,7.47,48.0,88.04,651.52
Tomato,Clayey,kharif,4.9,59.3,75.0,47.1,5.8,81.0,99.28,486.47
Tomato,Clayey,kharif,4.6,101.7,42.3,78.7,6.46,52.4,113.23,520.88
Tomato,Red,kharif,2.3,72.5,96.5,107.8,6.21,107.7,106.24,244.34
Tomato,Red,rabi,13.6,94.2,89.3,99.2,7.33,85.1,111.56,1517.24
Tomato,Alluvial,kharif,5.7,74.0,36.3,81.9,7.04,96.9,104.83,597.53
Tomato,Clayey,zaid,2.3,53.4,80.3,47.6,7.08,51.0,91.0,209.31
Tomato,Black,kharif,12.4,126.6,90.2,105.9,7.39,84.7,112.18,1391.01
Tomato,Clayey,zaid,8.1,119.2,94.5,69.7,6.61,105.8,122.91,995.59
Tomato,Alluvial,kharif,12.1,67.2,77.6,59.4,7.44,74.7,92.58,1120.23
Tomato,Clayey,zaid,14.5,111.3,65.5,65.1,6.71,88.9,119.16,1727.82
Tomato,Alluvial,zaid,5.5,107.4,76.1,107.7,7.55,92.0,101.0,555.53
Tomato,Alluvial,kharif,7.0,71.1,59.0,99.3,5.83,66.7,102.27,715.92
Tomato,Clayey,zaid,3.7,116.0,86.9,62.0,7.42,90.7,119.76,443.13
Tomato,Clayey,rabi,7.4,68.3,93.9,83.4,5.73,75.5,92.7,685.99
Tomato,Loamy,kharif,9.8,85.4,46.8,76.8,6.66,93.6,119.48,1170.93
Tomato,Alluvial,zaid,8.0,121.4,92.5,45.8,7.31,34.9,122.17,977.35
Tomato,Red,rabi,10.9,73.1,60.8,57.3,7.55,69.1,101.87,1110.41
Tomato,Red,kharif,11.1,103.8,79.1,75.5,6.34,48.9,122.14,1355.72
Tomato,Clayey,zaid,9.5,85.0,94.0,45.3,7.37,107.8,102.73,975.91
Tomato,Red,rabi,15.0,71.8,76.8,54.1,6.78,100.7,108.42,1626.26
Tomato,Black,kharif,10.4,64.2,74.0,65.0,5.96,55.8,90.52,941.4
Tomato,Loamy,kharif,5.5,109.3,95.7,72.0,7.39,75.0,106.49,585.7
Tomato,Alluvial,zaid,10.7,90.6,75.7,102.9,6.47,100.5,114.83,1228.64
Tomato,Alluvial,rabi,13.4,116.9,90.2,105.2,5.73,41.8,119.77,1604.93
Tomato,Red,rabi,13.5,127.9,37.9,66.4,5.97,89.5,113.72,1535.16
Tomato,Alluvial,kharif,10.6,112.1,36.3,103.0,6.75,93.7,124.56,1320.34
Tomato,Alluvial,kharif,3.7,57.9,80.1,52.7,7.37,87.2,91.09,337.04
Tomato,Sandy Loam,kharif,10.4,51.5,80.4,99.3,6.41,90.1,104.44,1086.15
Tomato,Clayey,zaid,13.4,91.8,67.4,81.6,7.15,105.3,108.53,1454.25
Tomato,Red,zaid,7.8,56.6,83.0,93.2,6.19,55.3,102.19,797.05
Tomato,Alluvial,kharif,2.0,120.4,51.0,82.6,7.56,83.5,119.37,238.73
Tomato,Loamy,kharif,4.9,129.7,81.9,86.2,6.28,35.7,120.72,591.53
Tomato,Loamy,zaid,8.8,110.7,68.6,99.6,5.57,59.9,103.98,915.05
Tomato,Clayey,zaid,4.1,123.7,61.6,109.5,6.72,102.7,117.5,481.75
Tomato,Sandy Loam,kharif,14.0,53.4,61.3,90.5,6.52,93.3,94.61,1324.61
Tomato,Sandy Loam,kharif,13.8,65.9,76.6,47.4,6.83,44.5,98.8,1363.42
Tomato,Black,zaid,5.2,86.5,72.5,53.7,7.13,55.0,101.73,528.99
Tomato,Alluvial,kharif,13.5,91.1,70.3,87.9,7.62,77.8,101.98,1376.77
Tomato,Black,zaid,2.1,95.8,93.5,101.4,7.66,72.1,103.06,216.43
Tomato,Clayey,zaid,5.7,87.1,88.6,62.5,7.53,49.5,102.24,582.76
Tomato,Black,zaid,9.8,109.7,62.3,105.9,6.89,53.9,110.92,1087.02
Tomato,Sandy Loam,zaid,5.8,123.9,36.5,81.8,6.71,48.7,133.34,773.37
Tomato,Loamy,rabi,10.1,107.9,35.0,106.2,5.86,49.8,106.19,1072.55
Tomato,Clayey,zaid,11.1,118.2,51.1,43.4,5.99,36.3,113.99,1265.32
Tomato,Loamy,rabi,7.0,67.6,67.2,59.4,7.57,100.9,84.2,589.41
Tomato,Alluvial,rabi,6.8,107.9,63.2,100.7,7.58,57.5,110.39,750.63
Tomato,Alluvial,kharif,6.7,59.2,85.9,44.4,6.66,82.3,104.53,700.35
Tomato,Alluvial,rabi,4.3,108.1,43.2,88.6,7.35,49.4,116.84,502.4
Tomato,Sandy Loam,rabi,2.7,50.1,54.0,89.8,7.24,54.5,80.25,216.68
Tomato,Clayey,kharif,13.3,82.2,53.1,43.0,6.76,62.6,110.89,1474.85
Tomato,Loamy,rabi,7.0,128.7,53.6,83.1,7.21,88.9,125.64,879.47
Tomato,Sandy Loam,kharif,10.2,80.4,75.5,45.1,5.62,66.7,89.37,911.54
Tomato,Alluvial,zaid,2.5,115.6,48.1,69.0,6.2,62.4,119.19,297.97
Tomato,Red,kharif,7.9,117.8,79.1,75.6,6.07,99.3,110.36,871.88
Tomato,Black,kharif,4.1,70.8,85.2,45.0,7.68,41.9,90.32,370.3
Tomato,Red,rabi,11.3,84.0,77.5,83.7,7.19,66.0,111.68,1262.03
Tomato,Clayey,zaid,10.0,57.8,62.3,108.6,5.58,56.0,93.99,939.9
Tomato,Black,zaid,9.8,56.7,40.9,91.9,6.21,106.3,91.87,900.29
Tomato,Sandy Loam,kharif,2.7,90.3,71.6,66.6,6.55,59.6,120.99,326.66
Tomato,Alluvial,kharif,6.3,60.4,74.1,91.9,7.55,53.2,92.52,582.9
Tomato,Loamy,zaid,1.9,97.8,38.6,103.2,6.67,82.9,117.27,222.82
Tomato,Black,rabi,13.3,74.5,43.1,74.1,6.82,34.4,109.39,1454.92
Tomato,Clayey,rabi,1.5,83.0,90.9,109.3,6.9,44.3,109.8,164.7
Tomato,Clayey,kharif,13.9,110.4,80.7,90.6,5.94,48.0,117.58,1634.35
Tomato,Red,zaid,4.1,84.5,83.9,95.7,6.5,92.2,116.15,476.22
Tomato,Sandy Loam,kharif,4.8,74.5,42.3,60.7,5.96,66.6,105.92,508.4
Tomato,Alluvial,rabi,2.5,107.3,78.0,48.6,7.53,75.2,113.35,283.37
Tomato,Clayey,rabi,10.7,52.2,87.5,72.7,6.9,48.8,95.4,1020.79
Tomato,Sandy Loam,zaid,5.2,114.1,52.0,91.5,5.95,51.0,119.28,620.28
Tomato,Alluvial,zaid,6.7,115.9,49.2,77.9,7.27,58.9,104.13,697.67
Tomato,Black,zaid,4.4,57.9,84.6,48.8,6.1,97.0,98.32,432.63
Tomato,Alluvial,kharif,4.8,52.3,79.1,72.9,5.72,85.8,89.64,430.29
Tomato,Red,kharif,13.2,60.2,43.0,54.0,7.61,84.7,88.33,1166.02
Tomato,Sandy Loam,kharif,7.7,93.7,74.5,59.6,7.59,44.9,107.5,827.72
Tomato,Clayey,kharif,1.1,68.3,86.3,56.3,6.03,41.9,98.3,108.13
Tomato,Alluvial,rabi,8.8,108.2,68.3,105.8,7.59,59.5,106.5,937.23
Tomato,Loamy,kharif,11.3,121.3,63.0,78.3,6.41,96.6,120.49,1361.52
Tomato,Clayey,rabi,8.9,59.9,55.0,104.6,6.4,88.9,99.13,882.25
Tomato,Alluvial,zaid,12.3,110.8,59.1,107.4,7.5,105.1,100.84,1240.39
Tomato,Black,kharif,10.6,59.2,84.2,43.2,6.56,57.2,103.72,1099.43
Tomato,Black,zaid,5.4,116.0,72.2,96.4,7.68,83.6,102.33,552.59
Tomato,Red,rabi,12.7,51.6,67.5,80.8,6.73,68.1,99.67,1265.86
Tomato,Loamy,rabi,1.9,81.1,95.2,78.9,6.13,41.1,111.15,211.18
Tomato,Sandy Loam,rabi,14.3,50.8,54.0,105.1,6.21,51.2,103.52,1480.27
Tomato,Red,rabi,12.5,57.4,93.9,96.5,5.9,86.1,87.63,1095.41
Tomato,Red,kharif,7.7,88.8,80.1,106.2,5.7,33.5,92.68,713.62
Tomato,Red,rabi,7.1,64.8,86.0,97.0,6.57,54.7,100.16,711.16
Tomato,Alluvial,zaid,2.9,53.6,89.3,62.2,5.5,49.0,90.74,263.16
Tomato,Black,kharif,8.3,65.6,55.9,64.6,5.54,42.3,87.93,729.84
Tomato,Black,kharif,5.9,110.4,71.4,89.2,6.75,84.0,124.22,732.9
Tomato,Red,zaid,14.0,58.0,60.4,94.8,6.46,104.0,108.87,1524.22
Tomato,Loamy,zaid,11.7,50.3,69.9,68.0,6.61,74.8,102.15,1195.17
Tomato,Black,zaid,5.1,108.4,89.5,55.2,5.71,100.2,111.24,567.33
Tomato,Black,zaid,2.8,96.7,67.8,55.9,6.49,92.6,105.87,296.43
Potato,Clayey,rabi,7.2,79.7,91.8,56.6,4.81,32.3,84.86,610.98
Potato,Black,kharif,7.3,120.0,57.5,98.8,4.79,57.0,83.37,608.61
Potato,Loamy,rabi,1.1,114.2,60.8,113.1,5.28,94.8,101.42,111.56
Potato,Sandy Loam,zaid,7.7,140.3,37.2,72.8,6.07,70.7,110.34,849.6
Potato,Clayey,kharif,10.7,88.0,41.7,54.2,6.05,65.3,94.58,1011.99
Potato,Alluvial,kharif,9.5,72.8,49.1,50.9,6.36,83.9,93.23,885.72
Potato,Red,zaid,2.8,140.5,77.0,115.9,5.73,60.0,108.65,304.22
Potato,Clayey,kharif,12.7,133.6,94.8,101.0,5.18,33.3,99.02,1257.58
Potato,Black,kharif,8.2,78.5,42.8,92.7,6.46,95.6,89.14,730.92
Potato,Black,zaid,4.8,58.7,72.8,78.5,5.39,87.5,85.78,411.75
Potato,Red,rabi,13.0,102.3,43.2,100.9,5.17,60.2,90.25,1173.31
Potato,Sandy Loam,rabi,9.7,131.1,62.0,107.5,5.76,92.2,113.37,1099.71
Potato,Red,kharif,7.5,129.4,86.3,90.3,5.11,61.9,106.7,800.26
Potato,Sandy Loam,zaid,12.7,101.8,82.7,111.1,5.5,89.1,93.37,1185.84
Potato,Clayey,rabi,8.4,149.5,87.7,76.0,4.72,72.1,99.2,833.25
Potato,Alluvial,kharif,9.7,66.6,44.8,81.6,5.61,79.6,93.91,910.91
Potato,Red,rabi,6.4,72.0,49.2,91.9,5.67,65.0,92.55,592.29
Potato,Loamy,kharif,4.6,102.0,96.0,73.8,6.07,37.8,92.78,426.79
Potato,Clayey,rabi,14.6,125.8,46.0,53.8,6.03,54.9,108.94,1590.53
Potato,Clayey,kharif,5.4,135.5,87.9,75.5,6.61,86.4,94.51,510.35
Potato,Clayey,kharif,1.9,56.1,67.7,74.6,6.99,81.4,72.15,137.09
Potato,Red,kharif,3.1,109.5,50.9,66.0,4.73,40.3,88.76,275.14
Potato,Loamy,zaid,10.8,56.1,89.5,51.3,6.34,35.0,81.92,884.75
Potato,Loamy,rabi,3.7,87.2,80.5,98.9,4.87,79.8,75.49,279.32
Potato,Clayey,kharif,8.6,80.3,71.7,68.5,6.97,51.8,75.91,652.81
Potato,Alluvial,zaid,11.2,141.8,92.0,104.1,5.15,86.0,95.33,1067.65
Potato,Clayey,zaid,10.6,127.0,68.3,96.6,6.89,38.5,95.08,1007.86
Potato,Red,rabi,2.3,58.1,38.5,52.9,6.79,78.2,70.53,162.22
Potato,Sandy Loam,rabi,8.3,129.1,44.7,78.2,5.83,39.1,98.54,817.92
Potato,Red,kharif,2.3,104.0,49.5,62.5,6.56,40.6,87.22,200.6
Potato,Clayey,kharif,13.1,82.9,55.8,80.8,5.02,33.4,84.52,1107.21
Potato,Sandy Loam,rabi,10.3,120.6,84.2,57.7,5.53,94.0,106.34,1095.25
Potato,Alluvial,kharif,13.4,98.3,88.6,52.6,5.04,58.5,80.25,1075.4
Potato,Clayey,kharif,7.3,95.7,44.8,80.8,5.94,33.4,97.33,710.5
Potato,Alluvial,zaid,11.9,119.6,74.7,116.8,4.74,67.7,89.07,1059.89
Potato,Loamy,kharif,5.0,145.4,80.9,98.3,6.58,40.2,107.73,538.66
Potato,Red,zaid,5.7,132.3,85.2,112.0,4.97,94.0,94.23,537.13
Potato,Alluvial,kharif,3.3,148.8,70.2,75.6,5.36,48.4,107.29,354.05
Potato,Alluvial,kharif,6.9,146.3,77.7,108.0,5.37,37.1,94.45,651.7
Potato,Alluvial,kharif,6.4,82.8,51.8,113.1,4.86,75.4,81.01,518.45
Potato,Black,kharif,5.1,76.2,44.9,72.3,4.94,33.2,79.68,406.39
Potato,Black,kharif,12.2,106.3,54.4,59.8,6.39,70.5,95.28,1162.46
Potato,Clayey,zaid,1.1,142.7,39.1,76.3,5.63,32.1,117.27,128.99
Potato,Sandy Loam,rabi,13.3,101.6,74.4,54.9,5.82,41.9,100.31,1334.17
Potato,Alluvial,zaid,5.6,95.6,70.7,116.3,5.61,94.8,96.01,537.63
Potato,Sandy Loam,kharif,2.4,135.0,71.4,122.5,6.16,85.4,113.3,271.93
Potato,Clayey,kharif,13.1,82.5,77.9,99.2,5.21,34.2,79.48,1041.23
Potato,Red,zaid,14.3,103.2,90.4,75.7,5.57,58.8,93.66,1339.29
Potato,Loamy,kharif,8.7,102.4,54.1,118.1,6.05,58.1,104.0,904.78
Potato,Black,rabi,2.6,97.2,64.9,115.8,5.61,93.0,99.37,258.36
Potato,Black,zaid,14.6,56.8,91.2,118.4,6.91,32.8,76.39,1115.34
Potato,Black,rabi,1.9,76.7,67.0,89.7,4.78,42.9,74.94,142.39
Potato,Black,zaid,10.9,105.9,44.0,49.7,6.56,43.3,83.74,912.8
Potato,Loamy,zaid,5.4,64.1,48.9,63.0,5.68,74.1,93.06,502.51
Potato,Loamy,rabi,1.2,104.5,72.9,120.7,6.06,62.2,102.09,122.51
Potato,Black,rabi,5.5,78.2,51.4,86.6,6.41,64.2,87.12,479.17
Potato,Sandy Loam,zaid,11.1,131.4,53.1,98.5,5.68,88.9,106.65,1183.77
Potato,Clayey,kharif,13.6,133.0,77.7,101.2,6.37,92.3,106.95,1454.56
Potato,Loamy,zaid,6.7,76.1,57.2,70.2,5.11,79.6,82.26,551.13
Potato,Alluvial,zaid,7.7,97.9,42.5,80.7,5.36,42.3,84.99,654.43
Potato,Sandy Loam,rabi,4.3,124.6,36.9,95.0,6.45,62.8,98.34,422.87
Potato,Loamy,kharif,3.8,128.7,87.0,75.9,5.19,56.6,99.32,377.43
Potato,Alluvial,rabi,7.9,57.8,77.0,88.0,6.77,42.5,78.89,623.23
Potato,Clayey,kharif,6.6,71.9,50.9,68.6,5.98,58.3,93.7,618.44
Potato,Sandy Loam,kharif,5.7,66.4,52.4,106.5,5.51,84.0,82.69,471.31
Potato,Clayey,zaid,7.3,57.5,42.3,62.8,4.96,53.9,75.13,548.48
Potato,Alluvial,rabi,9.8,89.3,55.2,50.7,5.85,63.0,99.8,978.01
Potato,Loamy,rabi,7.7,148.8,77.9,111.7,5.65,81.1,106.94,823.42
Potato,Black,kharif,9.5,64.1,37.3,95.2,5.38,37.5,81.0,769.51
Potato,Red,zaid,2.2,148.8,42.9,54.4,6.72,51.3,104.22,229.29
Potato,Red,kharif,8.5,134.7,71.5,53.6,6.21,32.5,107.39,912.85
Potato,Clayey,kharif,12.2,129.2,57.0,71.3,5.99,32.5,112.04,1366.94
Potato,Black,rabi,3.6,103.9,97.0,97.6,4.84,65.6,81.09,291.92
Potato,Loamy,rabi,2.7,76.0,39.0,91.8,6.13,64.4,89.92,242.79
Potato,Black,rabi,13.1,113.6,35.8,100.8,5.66,68.2,94.5,1237.94
Potato,Red,zaid,2.9,118.8,35.3,117.9,4.96,38.1,97.43,282.55
Potato,Black,zaid,6.2,76.0,71.6,82.0,4.78,52.5,81.16,503.19
Potato,Sandy Loam,rabi,10.8,85.1,41.2,69.3,6.61,94.8,89.51,966.66
Potato,Loamy,zaid,9.4,103.0,38.2,119.2,5.91,52.8,98.07,921.82
Potato,Loamy,rabi,9.5,114.6,74.9,95.8,5.97,95.1,97.61,927.31
Potato,Black,zaid,11.9,137.6,48.5,55.2,5.81,64.9,108.79,1294.65
Potato,Red,kharif,1.5,113.5,86.8,60.7,6.07,70.0,106.96,160.44
Potato,Sandy Loam,kharif,2.7,147.6,59.6,65.9,5.09,74.7,108.49,292.92
Potato,Clayey,kharif,5.4,99.2,59.4,113.3,6.84,51.4,90.55,488.98
Potato,Red,rabi,12.6,148.3,69.8,69.7,5.62,42.9,113.8,1433.83
Potato,Clayey,rabi,10.0,135.6,73.1,112.6,5.31,65.2,104.86,1048.64
Potato,Alluvial,zaid,1.2,108.1,76.3,93.1,6.39,68.6,86.99,104.39
Potato,Sandy Loam,kharif,7.0,107.8,55.5,102.7,6.18,53.3,100.72,705.01
Potato,Red,kharif,10.1,115.6,69.6,49.8,6.3,56.1,90.22,911.23
Potato,Red,kharif,8.8,114.4,41.0,119.9,6.52,55.9,96.36,847.98
Potato,Loamy,rabi,1.7,59.9,50.7,100.4,6.66,67.8,69.27,117.75
Potato,Alluvial,zaid,2.7,127.1,93.0,83.1,6.22,90.5,105.8,285.67
Potato,Sandy Loam,zaid,11.8,113.7,72.4,70.8,6.27,82.9,98.01,1156.5
Potato,Red,rabi,13.2,103.5,85.5,76.4,4.99,34.7,83.88,1107.27
Potato,Loamy,rabi,4.4,108.4,36.4,87.8,5.6,68.9,103.5,455.39
Potato,Alluvial,rabi,5.4,147.3,51.1,83.0,4.77,57.4,101.64,548.87
Potato,Sandy Loam,rabi,8.2,132.6,69.2,52.0,5.42,68.8,98.57,808.3
Potato,Red,zaid,14.2,131.9,81.4,103.9,5.11,84.8,93.61,1329.3
Potato,Sandy Loam,kharif,14.0,90.1,88.6,68.8,5.88,38.8,102.07,1429.01
Potato,Black,zaid,1.6,143.3,79.1,104.6,6.53,79.9,103.09,164.95
Potato,Black,kharif,2.9,93.3,96.2,65.8,6.11,59.7,94.66,274.51
Potato,Clayey,kharif,7.3,141.2,85.9,87.7,6.47,65.5,97.28,710.11
Potato,Red,zaid,11.0,68.7,53.2,59.8,6.57,46.2,82.83,911.14
Potato,Clayey,zaid,4.3,59.9,74.0,90.9,5.62,73.2,86.88,373.59
Potato,Loamy,zaid,13.4,99.7,76.1,115.7,5.6,93.6,105.16,1409.12
Potato,Loamy,kharif,4.4,125.8,67.6,69.0,6.49,67.3,89.94,395.71
Potato,Black,zaid,5.5,101.0,73.6,79.2,5.16,93.5,98.13,539.72
Potato,Red,zaid,8.1,61.9,87.1,107.4,5.13,72.6,80.7,653.67
Potato,Loamy,kharif,10.0,85.0,76.0,64.7,5.43,47.4,85.97,859.69
Potato,Sandy Loam,zaid,5.7,76.5,66.0,69.6,5.93,54.3,93.57,533.33
Potato,Clayey,kharif,4.7,97.0,36.9,106.4,6.13,70.5,106.17,499.0
Potato,Clayey,zaid,7.0,94.1,42.1,99.4,6.31,78.1,97.29,681.01
Potato,Red,kharif,1.0,145.2,85.9,116.3,4.74,91.8,95.98,95.98
Potato,Red,rabi,14.4,119.4,70.7,119.4,5.72,70.4,105.71,1522.26
Potato,Sandy Loam,zaid,6.7,71.1,78.8,118.0,5.56,47.5,94.76,634.86
Potato,Red,zaid,1.3,86.8,68.6,116.9,6.65,40.2,86.33,112.23
Potato,Sandy Loam,rabi,9.2,105.8,51.6,116.0,6.83,57.8,85.88,790.14
Potato,Alluvial,kharif,7.7,67.5,93.0,82.8,6.39,55.5,87.84,676.4
Potato,Sandy Loam,zaid,5.7,67.8,60.9,50.1,6.63,64.9,79.36,452.34
Potato,Loamy,kharif,7.3,74.6,54.2,52.2,6.16,47.9,86.76,633.36
Mustard,Loamy,kharif,11.8,53.1,27.4,20.4,7.44,31.0,7.06,83.34
Mustard,Red,rabi,9.9,85.0,19.3,25.3,6.2,31.9,6.61,65.45
Mustard,Sandy Loam,rabi,5.3,65.9,44.7,28.5,7.3,42.2,7.49,39.7
Mustard,Loamy,rabi,13.5,65.4,51.3,45.0,7.84,69.4,6.09,82.27
Mustard,Clayey,rabi,9.5,62.3,43.2,44.2,7.92,49.2,6.03,57.29
Mustard,Sandy Loam,kharif,9.8,32.7,39.7,17.4,5.57,66.7,6.54,64.05
Mustard,Clayey,zaid,5.8,35.7,24.9,43.1,6.73,71.6,6.7,38.86
Mustard,Clayey,rabi,11.0,68.1,54.6,36.9,6.73,66.4,7.78,85.62
Mustard,Red,kharif,11.2,45.3,53.8,37.4,6.57,33.8,7.08,79.29
Mustard,Alluvial,zaid,8.4,40.6,32.6,41.4,5.94,55.9,6.13,51.51
Mustard,Sandy Loam,rabi,5.8,77.3,53.8,31.9,6.46,37.6,8.32,48.26
Mustard,Alluvial,kharif,6.5,58.3,40.5,22.7,7.56,40.0,6.97,45.3
Mustard,Clayey,rabi,8.2,70.2,24.9,41.9,5.97,30.1,7.82,64.15
Mustard,Loamy,zaid,12.2,84.9,27.6,37.4,6.61,58.2,8.49,103.53
Mustard,Black,zaid,2.1,82.8,37.7,35.4,7.13,73.8,8.28,17.39
Mustard,Loamy,zaid,13.8,49.1,36.4,34.9,7.87,77.9,6.8,93.82
Mustard,Alluvial,zaid,9.9,50.4,48.8,34.5,5.82,52.4,6.18,61.15
Mustard,Red,zaid,5.2,42.5,34.2,22.8,6.84,34.7,7.19,37.41
Mustard,Sandy Loam,kharif,10.8,35.0,19.9,25.6,7.74,58.6,6.01,64.92
Mustard,Sandy Loam,kharif,1.1,45.6,42.8,28.3,7.96,25.6,6.27,6.9
Mustard,Loamy,zaid,9.7,68.4,19.9,24.4,7.81,43.1,6.97,67.64
Mustard,Loamy,rabi,3.1,61.6,33.3,41.1,5.67,76.5,6.11,18.93
Mustard,Clayey,zaid,9.4,68.6,23.0,19.7,7.48,71.9,7.03,66.06
Mustard,Loamy,kharif,4.6,56.6,53.2,39.2,6.35,60.9,6.69,30.8
Mustard,Clayey,kharif,7.3,61.7,28.1,41.2,7.3,39.2,7.08,51.71
Mustard,Clayey,rabi,3.4,52.3,41.8,38.5,6.49,28.2,7.72,26.24
Mustard,Black,kharif,10.6,75.8,24.1,14.3,7.38,29.7,7.54,79.92
Mustard,Loamy,zaid,5.1,78.4,24.4,45.6,6.93,55.5,6.96,35.51
Mustard,Sandy Loam,rabi,2.0,62.2,42.7,17.6,7.88,76.9,6.79,13.59
Mustard,Sandy Loam,rabi,1.6,70.3,20.0,50.4,5.85,40.5,7.06,11.29
Mustard,Alluvial,kharif,4.1,47.5,43.8,24.5,6.04,37.7,6.94,28.44
Mustard,Red,rabi,2.0,61.9,54.0,17.6,7.97,75.2,6.47,12.94
Mustard,Black,rabi,3.2,46.5,26.8,14.8,7.01,60.2,6.99,22.38
Mustard,Clayey,zaid,3.9,50.7,49.7,20.1,5.61,45.3,6.39,24.91
Mustard,Sandy Loam,rabi,7.6,94.5,22.2,50.0,7.33,58.4,8.4,63.84
Mustard,Black,rabi,8.1,83.4,53.7,45.9,6.96,37.4,8.39,67.93
Mustard,Sandy Loam,rabi,10.9,32.2,35.5,46.0,6.72,40.8,7.38,80.43
Mustard,Sandy Loam,rabi,11.0,41.9,27.8,20.0,7.88,45.9,5.85,64.37
Mustard,Red,kharif,1.2,41.6,34.8,16.6,6.78,48.6,7.64,9.17
Mustard,Black,rabi,11.3,57.7,28.3,28.3,6.74,42.5,8.27,93.42
Mustard,Red,kharif,13.7,65.8,49.8,22.7,6.73,43.3,7.75,106.16
Mustard,Alluvial,kharif,4.4,91.1,21.8,51.3,7.65,61.1,7.31,32.18
Mustard,Sandy Loam,rabi,11.1,44.1,35.6,16.7,6.47,64.0,6.6,73.26
Mustard,Sandy Loam,rabi,4.3,97.1,56.7,46.1,7.22,39.9,7.75,33.33
Mustard,Clayey,zaid,4.9,84.4,55.1,36.9,7.51,66.8,7.73,37.89
Mustard,Black,zaid,6.3,75.9,49.6,34.2,6.97,34.8,7.58,47.75
Mustard,Alluvial,rabi,7.7,77.6,55.3,28.2,7.76,73.5,7.0,53.93
Mustard,Alluvial,rabi,13.2,55.2,42.1,18.5,5.64,46.2,6.55,86.49
Mustard,Alluvial,rabi,12.0,61.6,46.1,28.7,5.9,45.5,7.11,85.37
Mustard,Sandy Loam,zaid,8.1,53.2,38.3,14.9,6.28,68.3,7.2,58.32
Mustard,Clayey,zaid,7.3,50.3,29.7,28.6,7.59,76.2,5.99,43.7
Mustard,Black,rabi,7.0,67.9,27.0,42.3,6.83,67.7,7.5,52.53
Mustard,Alluvial,zaid,4.0,78.7,50.3,27.2,5.93,24.1,6.57,26.26
Mustard,Clayey,rabi,3.6,88.2,28.1,22.6,6.7,50.9,8.23,29.61
Mustard,Clayey,zaid,4.8,42.7,47.0,43.3,6.66,62.6,7.11,34.11
Mustard,Black,kharif,9.1,40.1,36.3,24.2,7.61,40.9,6.56,59.7
Mustard,Clayey,rabi,7.0,79.5,38.4,37.6,6.49,65.5,7.51,52.57
Mustard,Alluvial,kharif,4.7,76.9,50.0,25.7,5.59,74.4,6.06,28.5
Mustard,Clayey,rabi,2.5,64.0,49.0,22.4,6.17,37.1,7.56,18.89
Mustard,Alluvial,zaid,14.3,89.9,26.3,38.1,7.4,77.2,7.83,112.02
Mustard,Red,rabi,12.5,49.4,25.1,39.9,6.83,51.8,7.18,89.74
Mustard,Clayey,kharif,10.7,93.4,39.7,43.2,5.72,35.4,7.29,77.99
Mustard,Alluvial,kharif,2.1,81.9,41.5,15.4,6.72,62.4,8.03,16.87
Mustard,Alluvial,rabi,11.9,95.6,36.6,25.6,6.57,40.5,8.36,99.47
Mustard,Black,kharif,14.8,66.7,22.1,45.5,6.13,66.0,7.31,108.25
Mustard,Loamy,kharif,7.4,55.6,32.0,38.2,7.38,60.6,7.08,52.36
Mustard,Red,kharif,12.1,62.9,39.5,43.3,7.15,46.1,7.78,94.11
Mustard,Red,zaid,14.9,50.9,46.6,18.4,6.52,69.8,7.05,105.0
Mustard,Red,kharif,8.1,74.1,57.4,16.1,6.93,70.6,7.68,62.17
Mustard,Clayey,zaid,3.2,87.5,38.9,49.5,7.52,61.4,7.56,24.19
Mustard,Alluvial,kharif,7.0,44.5,54.8,20.6,6.22,51.9,6.6,46.23
Mustard,Black,kharif,7.9,59.1,49.4,41.9,6.94,68.4,7.37,58.22
Mustard,Sandy Loam,zaid,14.5,45.8,46.8,28.1,6.2,33.7,6.4,92.77
Mustard,Loamy,rabi,14.9,84.4,48.2,44.2,7.92,55.0,7.09,105.64
Mustard,Black,kharif,1.6,33.0,32.8,19.7,6.9,73.5,7.42,11.87
Mustard,Sandy Loam,rabi,1.4,53.2,54.7,17.7,7.02,48.4,7.27,10.17
Mustard,Black,rabi,2.7,45.5,18.7,30.5,6.19,71.0,7.43,20.06
Mustard,Black,zaid,2.3,60.9,58.5,45.7,7.73,68.5,7.23,16.63
Mustard,Alluvial,zaid,4.2,31.7,29.9,18.1,6.68,60.6,7.22,30.32
Mustard,Alluvial,kharif,2.1,86.7,20.7,17.5,6.57,31.3,8.54,17.93
Mustard,Black,rabi,7.2,65.3,45.1,28.7,6.13,33.0,7.73,55.62
Mustard,Clayey,zaid,10.3,46.9,41.6,35.7,6.71,53.7,7.2,74.21
Mustard,Sandy Loam,kharif,11.0,38.7,48.2,19.2,5.67,76.7,5.75,63.22
Mustard,Red,rabi,12.6,94.2,43.5,27.4,7.01,40.8,8.29,104.45
Mustard,Alluvial,zaid,9.5,46.0,37.1,39.7,6.31,28.3,7.24,68.77
Mustard,Clayey,rabi,2.7,88.1,54.3,50.0,6.49,35.7,8.29,22.38
Mustard,Loamy,rabi,3.5,71.6,37.0,46.9,5.58,58.8,6.99,24.47
Mustard,Red,rabi,11.2,92.7,31.1,33.1,5.54,24.4,7.39,82.81
Mustard,Sandy Loam,kharif,2.4,48.7,24.8,15.1,7.77,24.4,6.21,14.9
Mustard,Alluvial,kharif,13.5,74.7,45.1,14.2,7.96,71.4,6.9,93.21
Mustard,Clayey,kharif,14.4,45.2,30.3,43.3,7.67,52.0,6.76,97.39
Mustard,Red,zaid,2.6,55.8,18.5,38.4,7.73,71.8,6.14,15.96
Mustard,Red,kharif,7.5,65.3,23.1,27.0,5.97,68.3,7.1,53.23
Mustard,Black,zaid,9.2,46.7,23.6,38.8,7.2,64.6,7.33,67.46
Mustard,Black,zaid,13.5,93.3,50.6,38.2,6.26,77.1,7.72,104.23
Mustard,Red,zaid,1.8,96.1,41.6,35.2,7.14,50.8,7.99,14.39
Mustard,Sandy Loam,rabi,9.6,78.8,34.6,42.8,6.07,35.9,7.34,70.49
Mustard,Alluvial,zaid,12.6,56.8,41.7,41.4,6.1,33.1,6.66,83.93
Mustard,Loamy,zaid,9.6,96.3,31.3,40.7,6.06,38.1,7.08,67.98
Mustard,Alluvial,rabi,4.7,33.9,46.4,32.7,5.74,33.3,6.17,28.99
Mustard,Black,rabi,13.8,94.7,17.9,51.6,7.21,58.8,8.22,113.46
Mustard,Sandy Loam,kharif,10.5,97.1,27.0,37.7,6.65,26.1,8.58,90.07
Mustard,Loamy,kharif,2.7,74.3,40.8,35.0,5.58,49.3,6.73,18.17
Mustard,Clayey,rabi,13.5,90.1,52.5,46.1,6.7,33.6,8.87,119.73
Mustard,Clayey,rabi,7.9,63.8,39.6,23.8,6.42,47.4,7.53,59.45
Mustard,Clayey,zaid,12.6,58.7,38.8,15.3,7.19,45.8,6.93,87.3
Mustard,Black,rabi,7.5,32.9,26.8,32.1,6.56,70.5,7.66,57.42
Mustard,Red,rabi,11.2,76.3,36.8,28.7,6.44,58.6,8.06,90.32
Mustard,Loamy,zaid,12.9,89.2,24.5,19.2,7.08,40.3,8.57,110.54
Mustard,Red,zaid,4.3,65.9,24.6,25.6,6.3,32.6,7.78,33.44
Mustard,Alluvial,zaid,10.0,79.6,37.1,33.2,7.63,60.8,6.8,67.99
Mustard,Clayey,rabi,5.1,50.2,27.3,47.3,7.67,58.1,6.58,33.56
Mustard,Black,kharif,10.4,71.6,34.5,28.4,6.46,55.8,7.55,78.49
Mustard,Loamy,kharif,2.2,54.4,34.7,14.6,6.41,38.8,8.09,17.81
Mustard,Loamy,zaid,5.5,49.1,57.1,20.1,7.47,77.1,7.01,38.53
Mustard,Black,zaid,9.2,64.6,53.3,17.2,7.2,60.7,7.4,68.04
Mustard,Alluvial,kharif,14.2,85.8,19.2,31.9,6.49,40.7,7.3,103.67
Mustard,Black,zaid,14.7,37.3,55.3,32.2,7.06,68.8,6.65,97.76
Mustard,Alluvial,rabi,7.0,58.5,32.9,49.2,7.57,29.9,6.81,47.7
Mustard,Loamy,rabi,10.3,35.4,44.5,47.6,6.94,43.1,6.72,69.24
Soybean,Clayey,zaid,12.0,34.7,43.6,27.8,7.12,136.6,9.48,113.8
Soybean,Black,rabi,11.0,14.1,37.6,17.7,6.92,97.7,8.59,94.52
Soybean,Black,kharif,13.8,21.3,56.8,56.1,6.44,111.5,10.48,144.63
Soybean,Sandy Loam,rabi,6.9,43.9,89.5,19.9,7.29,86.1,9.86,68.06
Soybean,Loamy,kharif,5.1,37.3,54.8,31.2,5.58,70.7,8.87,45.25
Soybean,Sandy Loam,rabi,11.4,50.8,60.5,51.5,7.65,143.3,10.18,116.06
Soybean,Sandy Loam,rabi,1.1,32.7,64.8,25.8,6.13,132.5,8.91,9.8
Soybean,Clayey,rabi,10.1,43.2,43.8,47.9,6.82,61.8,10.62,107.25
Soybean,Red,kharif,1.0,28.4,80.8,32.5,6.82,116.6,10.46,10.46
Soybean,Alluvial,zaid,7.5,51.9,62.6,24.8,6.63,137.4,11.4,85.48
Soybean,Loamy,rabi,12.0,40.9,49.2,52.8,7.47,75.4,9.66,115.86
Soybean,Black,kharif,8.6,15.9,76.7,38.2,6.92,106.3,9.79,84.2
Soybean,Alluvial,rabi,4.9,20.0,46.0,57.4,5.84,82.9,9.63,47.17
Soybean,Alluvial,zaid,8.9,50.1,39.1,29.6,5.93,111.4,11.08,98.66
Soybean,Loamy,rabi,3.2,38.4,65.0,28.8,6.56,130.6,10.5,33.59
Soybean,Clayey,zaid,12.7,17.9,81.9,23.8,5.68,120.2,8.13,103.25
Soybean,Red,kharif,13.7,27.8,51.1,38.0,6.5,90.4,10.77,147.61
Soybean,Sandy Loam,rabi,3.2,24.1,49.3,42.7,7.58,60.8,9.05,28.95
Soybean,Sandy Loam,rabi,9.4,24.8,84.3,30.9,6.14,83.0,9.65,90.74
Soybean,Clayey,kharif,6.9,31.5,36.1,18.2,6.64,125.6,9.94,68.55
Soybean,Alluvial,zaid,1.7,30.6,69.9,52.0,7.0,76.8,10.33,17.56
Soybean,Sandy Loam,zaid,7.8,27.5,49.1,46.0,7.19,80.5,9.42,73.46
Soybean,Sandy Loam,kharif,12.9,14.4,87.5,43.2,6.21,80.6,9.29,119.89
Soybean,Black,rabi,9.3,25.3,37.0,19.0,5.56,129.9,8.23,76.53
Soybean,Loamy,kharif,7.0,31.2,63.7,46.7,6.1,68.2,8.83,61.83
Soybean,Alluvial,zaid,10.1,32.8,69.7,39.8,7.13,126.6,10.1,101.99
Soybean,Sandy Loam,zaid,13.2,30.4,58.1,48.8,6.78,63.1,10.66,140.73
Soybean,Black,kharif,9.4,30.3,53.5,21.2,6.74,103.9,10.7,100.63
Soybean,Sandy Loam,zaid,1.9,20.5,52.4,30.6,6.95,118.3,8.8,16.71
Soybean,Sandy Loam,zaid,9.1,36.2,77.0,38.4,5.73,141.8,9.39,85.41
Soybean,Loamy,zaid,14.6,18.5,88.7,21.2,6.01,60.7,9.4,137.28
Soybean,Clayey,rabi,9.3,37.9,82.3,29.7,6.28,146.6,10.61,98.69
Soybean,Sandy Loam,zaid,14.7,48.3,42.1,51.3,6.4,155.1,12.5,183.79
Soybean,Clayey,kharif,5.5,16.9,85.2,50.4,5.81,133.7,8.1,44.56
Soybean,Red,kharif,6.7,23.7,83.1,46.2,6.71,117.0,9.99,66.92
Soybean,Clayey,rabi,3.9,39.1,86.0,34.1,5.96,120.9,9.46,36.9
Soybean,Sandy Loam,rabi,11.5,47.0,65.0,48.3,5.81,90.8,10.13,116.49
Soybean,Loamy,rabi,3.4,27.6,51.3,42.7,7.49,152.2,7.9,26.85
Soybean,Black,kharif,12.7,34.0,46.7,39.0,6.72,130.2,10.2,129.51
Soybean,Loamy,kharif,7.2,42.7,77.0,28.4,6.76,145.4,10.19,73.34
Soybean,Alluvial,rabi,4.0,16.8,84.9,52.3,7.68,123.9,8.34,33.37
Soybean,Clayey,zaid,14.1,30.4,65.2,35.8,6.74,103.1,10.9,153.68
Soybean,Black,kharif,13.3,30.9,68.0,23.2,5.51,80.5,8.57,113.93
Soybean,Alluvial,zaid,11.2,16.8,47.5,48.2,6.46,126.5,9.78,109.49
Soybean,Loamy,zaid,14.3,36.7,35.8,32.0,5.81,148.5,9.44,134.94
Soybean,Alluvial,kharif,12.2,23.2,75.6,20.3,7.6,75.3,8.27,100.89
Soybean,Clayey,kharif,2.0,15.2,76.7,23.0,5.79,58.2,8.5,17.0
Soybean,Red,zaid,5.6,41.7,40.3,44.5,6.2,131.0,10.11,56.62
Soybean,Black,rabi,13.6,23.2,54.8,56.5,6.77,92.6,9.83,133.71
Soybean,Black,kharif,15.0,24.2,82.7,24.3,7.11,108.4,9.6,144.04
Soybean,Alluvial,zaid,6.1,46.4,77.4,42.5,6.3,77.0,10.77,65.7
Soybean,Red,kharif,3.7,20.3,78.5,26.9,6.66,101.2,10.69,39.55
Soybean,Red,rabi,13.3,47.0,60.3,18.1,6.44,116.6,12.18,161.95
Soybean,Alluvial,kharif,10.1,20.9,77.0,31.4,7.06,60.8,9.71,98.03
Soybean,Clayey,kharif,10.9,22.6,79.5,43.4,6.79,91.4,11.07,120.71
Soybean,Alluvial,rabi,11.8,14.1,84.8,28.6,6.97,136.6,8.96,105.72
Soybean,Loamy,kharif,7.2,32.8,52.5,37.3,6.2,92.1,10.57,76.09
Soybean,Alluvial,zaid,11.0,27.1,79.1,31.4,7.3,69.1,9.94,109.32
Soybean,Clayey,rabi,5.8,29.5,54.5,48.8,5.71,91.1,8.96,51.97
Soybean,Loamy,rabi,8.6,43.5,53.0,32.1,6.06,81.5,10.01,86.09
Soybean,Red,zaid,3.2,41.4,75.4,44.8,5.8,96.8,9.79,31.33
Soybean,Alluvial,zaid,3.6,18.0,89.3,25.7,5.63,152.2,9.37,33.74
Soybean,Black,rabi,12.2,15.7,66.7,33.8,7.2,59.8,9.48,115.65
Soybean,Alluvial,zaid,8.7,17.7,42.4,45.3,6.99,153.9,9.11,79.25
Soybean,Black,kharif,6.2,37.8,79.4,29.0,6.72,126.9,10.83,67.13
Soybean,Sandy Loam,rabi,7.4,18.4,72.7,35.2,7.3,75.6,8.75,64.74
Soybean,Black,kharif,10.0,46.1,61.4,47.3,7.7,155.0,9.85,98.47
Soybean,Red,zaid,12.7,29.4,88.9,20.8,6.46,111.6,10.7,135.9
Soybean,Sandy Loam,zaid,10.7,16.1,50.9,51.1,5.68,141.5,8.99,96.19
Soybean,Alluvial,kharif,1.9,22.2,42.2,30.3,6.63,114.9,9.27,17.61
Soybean,Loamy,rabi,5.2,20.1,71.3,55.6,5.84,74.0,9.46,49.17
Soybean,Alluvial,zaid,4.6,37.6,65.0,20.0,5.68,120.3,9.24,42.52
Soybean,Black,rabi,10.5,14.4,61.9,34.5,5.73,148.3,8.2,86.08
Soybean,Loamy,kharif,1.4,25.3,67.7,34.8,7.63,61.6,8.97,12.56
Soybean,Sandy Loam,rabi,7.7,14.1,48.6,30.8,7.63,147.2,8.5,65.45
Soybean,Red,zaid,5.9,23.9,65.6,25.2,5.57,150.6,8.51,50.19
Soybean,Alluvial,zaid,3.3,29.5,81.5,44.6,6.37,130.4,9.54,31.49
Soybean,Black,rabi,2.3,41.4,42.9,33.5,6.41,71.9,10.53,24.22
Soybean,Loamy,rabi,7.3,49.6,76.3,36.3,6.75,125.3,11.77,85.89
Soybean,Clayey,rabi,5.2,22.1,37.1,19.3,7.41,123.8,8.98,46.71
Soybean,Clayey,zaid,9.6,46.3,61.9,53.2,6.29,148.7,10.22,98.1
Soybean,Sandy Loam,zaid,8.5,19.2,68.1,30.4,5.62,150.9,8.86,75.34
Soybean,Red,zaid,13.3,39.7,55.0,38.5,6.99,152.0,10.63,141.34
Soybean,Sandy Loam,kharif,14.0,29.1,88.4,46.3,5.59,146.7,8.71,121.95
Soybean,Loamy,zaid,7.4,35.5,43.4,36.7,7.33,57.5,10.36,76.66
Soybean,Sandy Loam,kharif,14.2,37.1,49.3,55.4,7.21,113.4,9.57,135.92
Soybean,Loamy,zaid,2.7,49.8,60.8,30.3,6.58,133.3,11.74,31.71
Soybean,Clayey,kharif,8.6,46.9,42.4,41.9,6.49,98.2,10.81,92.97
Soybean,Clayey,rabi,11.0,42.7,40.0,52.8,7.29,59.3,10.04,110.46
Soybean,Red,kharif,4.7,48.6,55.6,19.4,6.16,109.1,9.55,44.91
Soybean,Loamy,zaid,4.8,19.0,80.9,58.3,6.22,94.2,10.07,48.35
Soybean,Loamy,kharif,13.7,35.3,60.2,44.0,7.6,135.5,9.51,130.34
Soybean,Clayey,rabi,5.7,31.9,52.6,46.2,7.32,129.1,9.61,54.77
Soybean,Alluvial,zaid,11.3,18.0,79.2,39.3,6.14,121.6,9.43,106.6
Soybean,Red,rabi,13.1,50.2,58.7,24.6,7.29,96.3,11.06,144.87
Soybean,Red,kharif,13.4,38.4,71.0,54.5,6.62,97.1,10.18,136.46
Soybean,Black,zaid,5.5,39.8,66.5,24.2,6.18,146.0,10.65,58.56
Soybean,Clayey,zaid,10.4,31.8,54.4,52.9,7.38,58.2,9.02,93.8
Soybean,Loamy,zaid,6.1,29.8,81.6,30.2,7.57,74.0,9.53,58.11
Soybean,Sandy Loam,zaid,11.7,26.5,64.9,20.0,5.96,104.6,9.89,115.69
Soybean,Black,zaid,9.7,22.0,54.0,40.5,6.8,93.2,9.32,90.41
Soybean,Alluvial,zaid,5.6,21.6,70.5,40.8,6.34,88.6,9.23,51.68
Soybean,Red,zaid,8.5,48.9,73.4,48.0,7.34,91.2,10.26,87.21
Soybean,Loamy,rabi,9.0,42.1,78.9,29.9,6.63,118.1,10.72,96.52
Soybean,Clayey,rabi,11.7,51.5,35.5,35.4,6.06,68.0,11.05,129.24
Soybean,Clayey,zaid,1.8,16.0,58.9,55.7,6.13,98.7,8.87,15.97
Soybean,Black,rabi,7.9,40.5,50.2,29.7,7.35,57.0,9.17,72.41
Soybean,Red,kharif,10.2,45.7,66.3,18.8,6.52,102.3,12.06,122.98
Soybean,Sandy Loam,rabi,10.4,14.7,63.1,41.6,6.26,122.8,8.9,92.59
Soybean,Clayey,kharif,5.9,27.2,68.4,57.3,7.66,114.0,8.24,48.63
Soybean,Sandy Loam,kharif,1.3,28.3,85.2,28.8,6.1,86.3,9.09,11.82
Soybean,Loamy,zaid,3.9,26.3,70.6,53.6,6.67,131.9,11.25,43.88
Soybean,Loamy,zaid,2.6,19.3,51.8,29.0,6.83,137.7,9.24,24.02
Soybean,Red,rabi,14.5,14.3,84.3,25.7,7.58,90.2,8.65,125.4
Soybean,Loamy,rabi,4.2,48.4,61.6,26.7,7.38,81.4,10.53,44.22
Soybean,Alluvial,rabi,4.0,30.4,46.1,40.0,5.76,58.3,8.96,35.84
Soybean,Loamy,kharif,14.4,19.4,74.7,20.3,5.74,106.9,8.96,128.97
Soybean,Alluvial,rabi,11.2,39.2,42.3,43.7,7.2,142.1,9.95,111.43
Soybean,Clayey,kharif,1.3,40.9,70.6,23.6,7.19,62.8,9.79,12.73
Soybean,Clayey,kharif,5.8,33.1,60.9,24.0,6.8,130.3,10.72,62.18
Onion,Black,rabi,3.4,70.7,71.6,57.7,7.78,98.2,72.76,247.4
Onion,Sandy Loam,kharif,6.5,42.3,41.7,72.4,7.42,41.3,70.27,456.79
Onion,Red,zaid,14.6,66.0,29.9,57.6,5.54,45.5,72.04,1051.78
Onion,Alluvial,kharif,2.9,58.4,56.9,39.1,6.54,41.5,79.03,229.18
Onion,Loamy,kharif,3.7,108.2,63.4,89.3,6.42,53.9,93.7,346.67
Onion,Black,kharif,5.9,65.5,57.9,62.3,7.85,56.9,71.47,421.69
Onion,Clayey,rabi,10.1,87.9,67.4,50.9,7.33,80.2,86.22,870.85
Onion,Alluvial,zaid,7.3,108.1,49.1,87.5,6.92,45.4,86.11,628.61
Onion,Sandy Loam,kharif,8.1,71.9,34.0,61.0,5.67,38.9,68.36,553.76
Onion,Alluvial,zaid,9.3,63.8,41.3,82.7,6.12,63.2,75.7,704.02
Onion,Sandy Loam,rabi,2.1,86.6,57.5,77.8,6.39,63.4,92.81,194.9
Onion,Clayey,rabi,14.5,89.6,72.3,61.6,6.3,95.1,85.27,1236.43
Onion,Red,rabi,8.6,58.8,50.2,65.3,7.5,94.7,73.45,631.65
Onion,Clayey,rabi,3.4,88.6,29.2,60.0,7.87,39.0,76.57,260.34
Onion,Loamy,rabi,7.6,84.1,35.1,69.8,6.27,59.5,87.26,663.17
Onion,Clayey,zaid,4.7,90.4,70.4,60.1,7.49,42.8,81.85,384.72
Onion,Alluvial,zaid,8.6,58.7,48.4,96.7,7.38,72.3,75.22,646.91
Onion,Sandy Loam,kharif,9.1,54.4,48.1,56.5,6.46,85.3,76.56,696.72
Onion,Clayey,rabi,14.2,64.0,48.8,84.2,6.81,70.3,84.16,1195.03
Onion,Sandy Loam,rabi,15.0,65.1,72.2,77.3,6.32,70.0,79.16,1187.46
Onion,Black,rabi,14.3,78.6,53.1,73.8,5.51,97.2,69.59,995.18
Onion,Sandy Loam,zaid,6.3,52.6,63.5,88.4,7.15,33.3,70.91,446.74
Onion,Black,rabi,9.0,98.7,33.5,87.4,6.83,80.3,99.09,891.82
Onion,Loamy,rabi,8.7,97.8,45.0,63.3,5.74,37.1,80.6,701.24
Onion,Loamy,kharif,5.2,88.0,30.2,42.6,7.58,71.6,83.86,436.08
Onion,Loamy,rabi,11.7,81.3,39.1,56.1,6.68,54.2,92.99,1088.0
Onion,Clayey,kharif,5.7,51.2,32.2,37.9,5.77,56.1,66.55,379.31
Onion,Clayey,rabi,4.9,75.3,32.4,52.9,7.38,42.6,81.74,400.51
Onion,Alluvial,kharif,13.8,93.0,68.6,41.8,6.1,94.6,89.68,1237.55
Onion,Loamy,rabi,1.6,100.8,61.9,64.6,7.66,55.5,88.32,141.32
Onion,Alluvial,kharif,13.2,101.8,53.7,43.2,6.02,77.9,91.77,1211.37
Onion,Red,zaid,12.3,70.3,67.4,57.0,5.9,34.3,75.91,933.66
Onion,Clayey,zaid,13.6,59.9,38.3,95.6,5.56,87.0,69.84,949.81
Onion,Black,zaid,5.1,103.4,31.5,84.4,6.94,72.1,93.48,476.77
Onion,Black,zaid,4.9,76.8,50.5,71.5,6.18,37.4,84.6,414.52
Onion,Sandy Loam,kharif,13.0,94.1,66.4,87.2,5.79,89.6,78.51,1020.58
Onion,Red,rabi,4.8,49.5,45.6,60.2,5.54,89.0,71.32,342.33
Onion,Black,kharif,13.5,87.7,75.5,97.4,6.39,52.9,80.37,1085.04
Onion,Loamy,zaid,15.0,89.2,67.8,83.9,6.35,72.2,90.63,1359.39
Onion,Clayey,rabi,5.7,52.8,39.6,91.6,5.59,47.4,72.26,411.9
Onion,Red,kharif,9.1,69.3,32.0,90.4,5.98,84.4,81.51,741.76
Onion,Sandy Loam,rabi,11.6,49.4,50.3,80.9,5.92,52.0,70.25,814.89
Onion,Black,kharif,1.6,54.6,33.9,46.2,7.83,70.6,70.51,112.81
Onion,Black,zaid,10.3,67.0,47.1,72.2,5.67,49.9,73.46,756.65
Onion,Black,zaid,2.6,93.7,48.4,47.9,6.47,37.3,86.42,224.69
Onion,Loamy,rabi,11.5,99.1,31.0,36.2,7.84,45.5,83.0,954.55
Onion,Red,zaid,8.9,61.8,34.5,66.0,6.48,80.9,85.21,758.34
Onion,Alluvial,kharif,5.1,66.2,49.9,54.2,7.86,89.0,70.36,358.85
Onion,Alluvial,kharif,1.1,45.2,40.2,42.1,6.78,92.1,76.47,84.12
Onion,Alluvial,kharif,13.1,66.9,32.2,94.0,6.74,37.2,89.47,1172.02
Onion,Red,kharif,13.2,90.0,50.4,76.4,7.2,94.5,86.57,1142.72
Onion,Black,rabi,3.1,43.4,71.4,47.2,5.6,43.2,69.08,214.15
Onion,Sandy Loam,zaid,5.1,84.1,63.7,80.5,7.1,93.0,87.27,445.07
Onion,Sandy Loam,kharif,12.5,42.4,77.6,46.4,6.63,93.0,83.26,1040.75
Onion,Red,rabi,10.4,116.8,67.0,53.2,6.17,78.7,93.89,976.45
Onion,Clayey,zaid,3.2,95.7,63.1,95.4,6.22,85.0,92.28,295.29
Onion,Loamy,zaid,8.2,84.7,39.1,82.3,6.24,96.5,82.3,674.82
Onion,Clayey,kharif,5.1,67.5,74.8,45.3,5.6,63.8,79.77,406.81
Onion,Black,rabi,11.8,111.0,54.7,41.3,6.91,86.5,96.47,1138.31
Onion,Sandy Loam,zaid,10.4,115.7,31.2,91.4,7.45,54.0,88.72,922.69
Onion,Clayey,rabi,13.6,101.3,48.4,70.3,7.4,51.1,91.34,1242.26
Onion,Black,rabi,7.7,85.8,77.4,72.6,7.39,82.9,84.52,650.83
Onion,Clayey,rabi,11.0,76.1,51.7,64.2,5.58,48.9,71.98,791.79
Onion,Loamy,rabi,10.8,42.5,51.6,42.4,7.54,99.1,68.48,739.54
Onion,Loamy,kharif,8.8,71.8,61.7,38.5,5.8,66.9,71.61,630.14
Onion,Red,zaid,10.7,51.1,31.3,95.9,7.13,61.2,73.28,784.1
Onion,Red,zaid,14.9,96.8,39.4,41.4,6.5,92.0,95.34,1420.59
Onion,Sandy Loam,rabi,2.8,50.6,30.4,70.4,6.08,83.4,75.97,212.73
Onion,Sandy Loam,zaid,5.5,55.3,33.1,81.1,6.58,54.6,83.31,458.22
Onion,Black,zaid,11.4,103.2,62.3,62.5,6.41,86.0,97.97,1116.91
Onion,Black,rabi,10.9,108.8,73.8,52.4,5.95,50.3,84.67,922.9
Onion,Alluvial,zaid,4.8,83.2,64.1,97.1,5.82,35.5,84.81,407.1
Onion,Red,kharif,12.7,105.5,61.9,94.6,6.73,96.0,92.69,1177.11
Onion,Clayey,zaid,6.9,88.4,50.2,50.4,7.13,93.1,84.38,582.22
Onion,Alluvial,zaid,3.2,106.5,50.4,92.3,6.62,51.3,92.28,295.3
Onion,Clayey,kharif,9.2,62.7,36.8,83.4,7.77,39.0,72.29,665.03
Onion,Clayey,zaid,14.4,44.8,76.9,35.3,7.6,53.5,69.19,996.39
Onion,Sandy Loam,zaid,10.5,96.0,32.2,41.7,5.81,95.3,84.21,884.16
Onion,Loamy,kharif,12.1,50.6,74.4,86.3,6.04,93.2,71.12,860.6
Onion,Red,kharif,3.4,47.3,48.0,71.1,7.55,100.2,68.67,233.48
Onion,Red,rabi,1.8,98.2,56.3,63.0,6.24,67.2,94.55,170.19
Onion,Clayey,zaid,1.7,63.9,67.3,82.0,6.0,45.8,74.17,126.09
Onion,Clayey,zaid,12.8,76.0,64.3,41.0,6.45,100.8,84.31,1079.19
Onion,Black,zaid,10.1,98.8,65.5,66.9,7.45,62.6,86.87,877.34
Onion,Black,zaid,8.9,113.4,67.6,71.2,7.05,97.1,86.12,766.5
Onion,Black,rabi,9.9,114.9,31.4,61.1,6.09,65.4,87.77,868.96
Onion,Loamy,rabi,8.7,43.8,66.2,71.3,7.0,35.6,80.13,697.12
Onion,Clayey,kharif,9.6,83.2,41.7,50.3,5.83,91.4,73.89,709.36
Onion,Black,kharif,3.6,55.3,71.7,81.4,7.08,60.5,76.36,274.9
Onion,Loamy,rabi,11.6,64.3,49.3,46.6,5.77,82.6,77.77,902.12
Onion,Sandy Loam,zaid,13.5,59.7,45.3,82.1,6.52,90.6,81.09,1094.71
Onion,Clayey,rabi,3.2,67.1,53.9,49.2,6.89,72.5,87.49,279.96
Onion,Sandy Loam,rabi,9.8,65.8,39.6,89.9,7.51,48.1,72.97,715.11
Onion,Black,rabi,7.3,100.1,38.5,63.3,5.87,99.0,85.37,623.23
Onion,Alluvial,kharif,4.5,74.2,52.4,43.6,7.12,73.7,82.65,371.92
Onion,Black,rabi,6.3,89.1,55.4,49.4,6.33,75.0,84.91,534.95
Onion,Sandy Loam,kharif,7.3,62.8,33.2,39.7,6.33,75.0,79.49,580.26
Onion,Loamy,zaid,6.5,80.5,68.5,69.6,7.53,68.3,81.12,527.27
Onion,Clayey,rabi,7.1,103.7,74.2,74.9,7.47,36.1,89.61,636.25
Onion,Red,kharif,3.5,91.4,76.8,89.5,7.57,97.4,81.48,285.19
Onion,Red,kharif,9.6,80.2,77.6,96.5,7.02,63.0,95.02,912.24
Onion,Alluvial,rabi,5.6,47.6,31.7,47.2,6.66,86.9,80.6,451.38
Onion,Loamy,kharif,4.6,105.8,45.8,49.3,5.92,54.6,93.46,429.91
Onion,Clayey,kharif,11.7,44.9,74.8,40.9,7.12,41.3,80.99,947.63
Onion,Clayey,zaid,8.1,48.2,58.8,35.6,7.36,77.5,71.56,579.67
Onion,Sandy Loam,kharif,9.3,65.6,56.1,68.3,7.48,100.7,71.67,666.5
Onion,Clayey,zaid,11.7,49.5,66.8,58.2,5.59,57.4,65.21,762.91
Onion,Sandy Loam,rabi,2.1,111.8,63.4,55.6,6.44,83.9,97.08,203.86
Onion,Alluvial,zaid,14.2,90.5,38.8,80.5,7.05,101.0,90.76,1288.82
Onion,Sandy Loam,kharif,5.7,70.5,72.4,60.3,7.0,94.2,78.38,446.76
Onion,Black,zaid,14.7,94.6,52.8,61.9,7.79,46.4,74.84,1100.21
Onion,Red,rabi,13.7,62.5,53.3,94.9,5.91,82.4,71.39,978.04
Onion,Sandy Loam,rabi,13.3,106.3,46.8,63.9,5.53,60.0,84.51,1123.98
Onion,Black,kharif,14.5,108.4,28.4,75.1,5.66,51.1,82.95,1202.81
Onion,Red,zaid,13.8,56.6,58.6,96.6,7.62,99.0,69.72,962.15
Onion,Black,zaid,3.8,115.0,45.5,87.9,7.77,92.5,83.18,316.07
Onion,Black,kharif,3.2,101.2,31.2,47.1,7.07,91.8,87.59,280.29
Onion,Loamy,rabi,12.4,100.0,35.3,64.0,7.36,55.6,81.74,1013.57
Onion,Loamy,zaid,2.1,79.3,35.4,85.7,6.51,85.6,88.28,185.4
Onion,Alluvial,zaid,13.2,106.8,62.7,74.1,5.54,84.4,83.58,1103.29
