N,P,K,temperature,humidity,ph,rainfall,label
105.0,46.6,51.5,30.6,81.1,6.26,248.7,Rice (Paddy)
107.7,44.6,50.9,24.6,79.7,6.45,196.3,Rice (Paddy)
82.8,44.0,41.2,26.9,77.1,5.79,247.0,Rice (Paddy)
97.7,47.9,38.6,24.4,83.2,5.89,230.6,Rice (Paddy)
94.0,45.7,43.7,31.6,82.4,5.93,237.3,Rice (Paddy)
87.8,48.8,35.3,22.0,83.7,6.65,227.6,Rice (Paddy)
98.8,45.6,38.3,23.8,79.7,6.77,230.2,Rice (Paddy)
82.4,49.5,45.1,24.0,86.2,6.76,239.0,Rice (Paddy)
91.6,45.6,49.6,28.9,79.6,6.28,208.4,Rice (Paddy)
88.0,52.6,56.0,25.8,88.5,6.49,215.3,Rice (Paddy)
103.6,57.1,47.3,30.7,66.8,6.68,226.3,Rice (Paddy)
97.0,48.1,35.1,25.3,84.6,6.94,217.2,Rice (Paddy)
91.9,44.4,53.2,27.0,79.3,6.56,226.5,Rice (Paddy)
109.7,43.1,45.5,24.8,73.7,6.47,228.9,Rice (Paddy)
100.1,46.0,38.7,24.7,80.4,6.03,222.6,Rice (Paddy)
104.0,59.3,48.6,26.8,82.1,5.58,224.6,Rice (Paddy)
100.6,62.9,46.3,26.9,82.3,5.88,242.1,Rice (Paddy)
107.5,52.4,41.8,30.2,74.1,6.58,257.9,Rice (Paddy)
90.1,44.0,48.1,24.5,73.2,6.38,209.1,Rice (Paddy)
104.7,41.8,57.2,23.7,80.6,6.68,206.5,Rice (Paddy)
102.3,55.7,37.5,26.6,84.1,6.66,206.4,Rice (Paddy)
86.8,50.8,49.4,26.8,84.6,6.08,228.5,Rice (Paddy)
102.9,43.0,59.2,27.4,75.4,6.61,210.4,Rice (Paddy)
107.9,54.7,42.4,28.9,85.0,6.68,253.5,Rice (Paddy)
97.5,42.8,41.9,23.6,82.0,6.49,229.2,Rice (Paddy)
108.3,47.6,56.6,25.2,98.8,6.6,212.1,Rice (Paddy)
89.3,50.5,46.1,28.1,85.3,6.32,212.3,Rice (Paddy)
84.9,44.7,52.9,26.6,75.0,6.42,230.8,Rice (Paddy)
91.2,48.5,47.9,22.6,84.6,6.57,241.2,Rice (Paddy)
110.5,38.9,41.6,27.5,85.6,6.56,282.8,Rice (Paddy)
105.7,54.6,53.5,28.0,80.6,6.65,213.4,Rice (Paddy)
97.6,44.5,48.0,32.9,71.3,6.62,200.8,Rice (Paddy)
95.3,54.3,47.9,22.8,78.2,6.62,214.0,Rice (Paddy)
102.2,47.8,43.4,32.4,86.3,5.54,227.8,Rice (Paddy)
93.4,52.8,42.5,25.7,85.5,6.7,207.0,Rice (Paddy)
96.7,44.5,43.4,31.3,84.9,5.85,238.8,Rice (Paddy)
121.2,54.0,38.0,24.5,90.1,6.07,231.7,Rice (Paddy)
107.7,41.7,47.1,16.3,76.4,6.25,206.3,Rice (Paddy)
116.3,38.6,44.7,26.4,91.1,5.78,242.4,Rice (Paddy)
100.1,41.4,50.4,26.6,78.9,6.38,219.2,Rice (Paddy)
101.1,51.6,57.4,22.3,95.3,5.57,222.7,Rice (Paddy)
105.9,49.3,43.6,25.4,79.5,6.11,237.7,Rice (Paddy)
103.6,43.2,53.1,26.9,87.4,6.6,212.6,Rice (Paddy)
94.4,52.2,51.3,25.9,83.2,6.86,216.1,Rice (Paddy)
105.5,46.2,46.1,29.3,87.5,6.68,244.6,Rice (Paddy)
100.2,51.8,45.6,27.0,81.7,6.39,233.9,Rice (Paddy)
91.8,60.6,41.2,22.4,89.4,6.67,234.4,Rice (Paddy)
106.3,47.4,41.9,26.2,78.4,6.74,222.8,Rice (Paddy)
91.7,45.5,50.1,24.3,77.6,6.45,228.7,Rice (Paddy)
94.9,44.6,49.0,21.7,74.1,6.06,221.8,Rice (Paddy)
103.1,56.7,52.9,25.5,82.4,5.95,224.7,Rice (Paddy)
97.1,49.5,42.3,27.6,91.7,6.31,231.0,Rice (Paddy)
106.9,45.0,48.9,26.0,83.1,6.04,225.4,Rice (Paddy)
105.0,56.6,53.5,32.5,77.9,6.7,227.8,Rice (Paddy)
121.9,42.4,42.3,24.2,69.8,6.14,213.6,Rice (Paddy)
101.5,49.6,59.2,28.9,79.0,5.99,232.4,Rice (Paddy)
86.8,58.9,54.9,24.6,72.2,6.89,223.3,Rice (Paddy)
112.4,37.5,43.8,26.0,82.8,6.17,234.3,Rice (Paddy)
89.3,46.6,48.3,27.5,86.8,5.9,202.0,Rice (Paddy)
112.8,49.6,42.8,30.7,83.2,6.82,226.0,Rice (Paddy)
120.6,58.5,45.9,28.9,86.4,6.9,210.5,Rice (Paddy)
106.9,54.1,36.5,22.5,70.3,6.24,235.8,Rice (Paddy)
115.0,48.0,57.7,21.9,72.3,6.33,230.8,Rice (Paddy)
99.7,34.6,46.9,22.1,86.5,6.5,210.9,Rice (Paddy)
94.9,40.9,47.1,28.9,76.6,6.55,217.0,Rice (Paddy)
92.1,46.8,41.0,24.3,75.3,7.14,225.5,Rice (Paddy)
93.0,48.8,46.8,25.3,86.2,6.65,217.0,Rice (Paddy)
94.2,45.8,33.1,21.5,90.7,7.01,221.3,Rice (Paddy)
105.8,49.4,66.7,29.4,81.7,5.97,200.9,Rice (Paddy)
102.0,42.8,38.6,24.1,76.0,7.02,238.2,Rice (Paddy)
99.9,56.7,48.0,23.4,91.6,6.57,209.4,Rice (Paddy)
98.1,42.0,38.9,28.8,94.0,5.79,233.4,Rice (Paddy)
93.5,44.5,43.8,23.4,82.8,6.02,229.1,Rice (Paddy)
99.5,46.0,41.8,24.3,87.0,6.55,210.3,Rice (Paddy)
101.0,52.2,37.1,27.6,78.5,6.58,213.6,Rice (Paddy)
82.0,37.3,47.8,26.8,77.1,6.61,200.1,Rice (Paddy)
99.3,39.9,43.4,26.1,77.3,6.2,240.1,Rice (Paddy)
94.2,52.7,40.4,27.6,91.1,5.36,213.0,Rice (Paddy)
105.8,46.2,49.8,24.2,83.0,6.29,242.5,Rice (Paddy)
102.5,49.6,44.9,24.5,79.9,6.51,218.7,Rice (Paddy)
102.9,60.5,52.9,25.0,89.7,6.19,194.4,Rice (Paddy)
89.9,35.8,45.3,26.1,92.6,6.48,221.7,Rice (Paddy)
108.3,33.7,49.0,28.3,73.6,6.81,230.1,Rice (Paddy)
95.8,51.5,61.7,26.5,84.0,6.17,212.3,Rice (Paddy)
108.3,42.1,47.9,24.6,85.4,6.48,240.6,Rice (Paddy)
94.9,45.8,41.4,24.7,84.8,6.65,211.2,Rice (Paddy)
108.7,56.0,50.1,31.6,77.9,5.85,198.3,Rice (Paddy)
115.0,51.6,47.2,26.8,75.7,7.33,226.9,Rice (Paddy)
101.1,52.0,50.5,26.7,77.8,6.54,253.2,Rice (Paddy)
113.5,57.5,44.3,23.0,81.7,6.37,241.4,Rice (Paddy)
83.1,57.1,46.5,24.7,76.4,5.69,237.3,Rice (Paddy)
100.7,39.4,39.4,25.0,92.5,6.25,202.5,Rice (Paddy)
97.5,45.8,30.6,25.8,81.1,6.63,252.7,Rice (Paddy)
111.3,45.8,40.6,33.7,82.9,6.36,224.6,Rice (Paddy)
102.0,46.6,43.9,24.4,82.3,6.13,214.3,Rice (Paddy)
101.1,45.9,56.9,18.0,89.0,6.85,193.9,Rice (Paddy)
96.6,45.2,38.7,23.7,75.8,7.05,239.0,Rice (Paddy)
112.7,52.0,40.4,24.4,85.4,5.86,235.7,Rice (Paddy)
97.6,45.2,51.9,27.3,80.3,6.81,208.8,Rice (Paddy)
106.2,51.2,45.6,27.0,75.0,6.72,222.2,Rice (Paddy)
94.8,54.1,43.1,21.8,73.2,6.59,205.8,Rice (Paddy)
117.5,34.5,58.1,26.6,81.9,6.13,231.0,Rice (Paddy)
99.6,54.4,48.2,26.5,80.3,6.33,229.6,Rice (Paddy)
82.9,39.1,52.1,26.5,81.4,6.36,230.2,Rice (Paddy)
94.6,42.6,48.7,23.1,84.9,5.67,240.4,Rice (Paddy)
104.7,49.1,53.6,31.0,88.6,5.61,205.8,Rice (Paddy)
93.8,47.7,50.7,23.8,83.6,6.05,215.8,Rice (Paddy)
85.9,41.7,39.1,23.1,88.8,5.97,264.5,Rice (Paddy)
104.9,48.7,42.1,28.1,79.0,6.4,263.4,Rice (Paddy)
99.0,54.7,43.1,25.9,93.1,6.1,252.2,Rice (Paddy)
107.1,44.0,51.5,28.9,86.2,5.72,214.1,Rice (Paddy)
97.5,47.0,51.4,26.5,74.5,6.5,234.2,Rice (Paddy)
105.6,54.3,52.7,27.4,82.1,5.69,231.4,Rice (Paddy)
102.1,49.2,39.5,22.8,88.8,6.33,235.2,Rice (Paddy)
100.3,47.7,53.4,24.5,83.1,6.17,218.5,Rice (Paddy)
96.9,48.9,44.5,29.8,77.1,6.28,218.4,Rice (Paddy)
114.5,48.7,53.9,21.5,84.1,6.71,226.2,Rice (Paddy)
110.7,44.3,56.3,32.9,80.3,6.17,246.8,Rice (Paddy)
115.8,44.2,44.9,25.2,74.4,5.98,209.9,Rice (Paddy)
92.3,47.3,49.0,30.7,76.5,6.74,221.8,Rice (Paddy)
99.5,51.7,40.5,27.1,83.5,6.55,229.3,Rice (Paddy)
124.6,43.5,44.2,24.1,79.2,6.1,242.8,Rice (Paddy)
114.2,43.9,42.3,27.4,79.2,6.6,228.0,Rice (Paddy)
84.8,57.2,58.7,24.2,80.2,6.46,230.0,Rice (Paddy)
106.6,60.1,46.4,23.6,74.2,6.06,224.5,Rice (Paddy)
117.9,44.3,48.9,26.0,89.6,7.36,217.0,Rice (Paddy)
95.1,54.0,51.8,31.5,86.0,6.21,233.9,Rice (Paddy)
111.1,52.6,50.7,29.2,89.5,6.9,234.7,Rice (Paddy)
98.3,48.4,55.0,23.5,84.7,6.19,225.4,Rice (Paddy)
112.8,48.7,47.8,21.9,87.0,6.61,257.4,Rice (Paddy)
96.9,48.9,49.1,30.7,81.9,6.46,234.1,Rice (Paddy)
101.9,44.7,48.7,29.2,76.3,6.4,214.5,Rice (Paddy)
112.0,38.0,44.0,27.1,91.9,6.32,216.7,Rice (Paddy)
118.8,38.4,33.8,27.3,79.5,5.94,235.6,Rice (Paddy)
102.4,44.0,39.5,28.6,86.4,6.31,252.7,Rice (Paddy)
89.3,38.0,43.2,25.9,84.0,6.25,230.3,Rice (Paddy)
87.5,56.5,47.0,29.4,84.6,6.53,233.5,Rice (Paddy)
104.5,51.5,55.8,26.6,86.8,6.31,246.6,Rice (Paddy)
93.2,58.8,47.2,21.7,83.3,6.08,237.6,Rice (Paddy)
93.5,44.7,35.7,24.6,68.0,5.72,236.4,Rice (Paddy)
107.9,50.2,41.5,25.9,82.5,5.89,247.6,Rice (Paddy)
108.8,46.1,47.7,26.6,70.2,6.25,214.8,Rice (Paddy)
90.0,45.7,58.7,27.9,79.1,6.58,246.0,Rice (Paddy)
109.2,47.9,43.5,28.1,84.9,6.71,234.5,Rice (Paddy)
110.5,44.2,55.7,26.6,95.0,6.07,251.0,Rice (Paddy)
102.0,43.4,44.5,25.0,85.0,6.56,216.4,Rice (Paddy)
99.8,60.9,58.3,27.3,82.7,6.4,234.2,Rice (Paddy)
89.8,45.9,37.1,27.2,86.4,6.16,248.6,Rice (Paddy)
87.7,38.3,48.9,29.1,92.6,6.17,241.2,Rice (Paddy)
99.6,46.4,53.0,28.0,73.0,6.94,245.7,Rice (Paddy)
93.7,50.0,50.6,26.8,79.2,6.08,224.6,Rice (Paddy)
111.7,50.9,45.2,28.3,65.4,6.81,198.9,Rice (Paddy)
96.4,40.5,39.4,29.5,79.7,6.49,224.3,Rice (Paddy)
104.8,48.0,39.5,29.0,79.5,5.73,218.6,Rice (Paddy)
115.0,52.8,45.3,25.0,80.6,7.18,230.7,Rice (Paddy)
104.3,53.9,49.0,25.2,81.3,6.32,224.4,Rice (Paddy)
107.3,47.8,52.1,25.8,83.0,5.55,238.7,Rice (Paddy)
103.5,53.7,29.4,32.3,81.7,6.79,209.4,Rice (Paddy)
106.1,40.9,43.6,31.7,81.4,6.44,238.1,Rice (Paddy)
105.0,48.4,49.8,33.2,82.2,6.43,240.8,Rice (Paddy)
111.1,54.9,51.5,22.6,92.3,5.89,229.5,Rice (Paddy)
92.5,47.1,49.6,27.0,85.0,7.0,231.8,Rice (Paddy)
97.6,53.5,54.9,22.3,86.1,6.63,220.5,Rice (Paddy)
113.8,46.6,48.3,25.5,82.6,5.91,203.4,Rice (Paddy)
115.9,42.2,41.3,19.5,78.7,5.82,249.6,Rice (Paddy)
110.1,43.2,61.6,28.9,80.6,5.35,259.4,Rice (Paddy)
86.1,37.2,53.9,33.3,90.8,6.58,233.9,Rice (Paddy)
108.5,52.2,49.3,26.3,82.1,6.05,220.8,Rice (Paddy)
83.1,46.9,41.3,22.7,83.6,6.91,238.8,Rice (Paddy)
84.3,41.3,53.4,23.1,81.2,6.57,210.5,Rice (Paddy)
101.1,39.2,43.7,27.0,72.9,6.53,224.7,Rice (Paddy)
105.5,48.9,56.0,26.4,79.9,6.4,233.1,Rice (Paddy)
100.5,47.8,43.1,24.0,74.1,7.05,206.3,Rice (Paddy)
93.1,43.0,53.1,25.1,90.0,6.08,229.2,Rice (Paddy)
91.6,60.9,40.1,26.9,86.3,6.52,222.2,Rice (Paddy)
98.7,47.8,46.6,28.9,95.8,6.13,204.5,Rice (Paddy)
99.1,63.6,42.5,30.9,92.6,6.13,233.5,Rice (Paddy)
116.3,45.1,46.2,24.3,76.4,6.09,206.6,Rice (Paddy)
100.3,42.7,49.0,21.3,84.5,6.68,195.1,Rice (Paddy)
103.7,55.2,39.9,31.0,85.0,6.07,224.2,Rice (Paddy)
95.6,45.4,42.7,15.5,63.5,6.18,73.3,Wheat
81.0,41.3,46.2,22.0,66.2,6.31,70.3,Wheat
102.1,45.7,51.6,19.8,63.7,6.63,77.0,Wheat
88.5,48.5,44.8,15.9,54.5,6.02,82.6,Wheat
79.0,34.2,41.9,26.6,62.5,7.09,76.2,Wheat
89.0,49.6,38.5,19.4,64.4,6.48,89.9,Wheat
88.3,41.2,42.7,15.6,62.7,6.75,91.3,Wheat
94.7,44.9,44.1,23.0,65.8,6.75,55.3,Wheat
79.3,43.5,37.0,17.9,62.8,6.96,73.9,Wheat
94.9,45.3,30.1,15.4,61.6,6.27,84.0,Wheat
105.3,51.1,38.9,23.3,63.4,6.62,65.8,Wheat
87.0,43.1,40.9,19.0,62.5,6.92,92.9,Wheat
99.5,37.6,27.2,21.5,54.3,6.66,57.4,Wheat
72.0,47.7,43.8,16.6,47.0,6.53,80.9,Wheat
75.2,45.9,39.9,20.4,63.2,6.36,92.9,Wheat
88.4,44.9,35.3,17.1,57.2,6.68,100.7,Wheat
76.3,36.9,47.4,17.8,58.5,7.17,65.9,Wheat
108.3,48.4,37.6,25.5,58.9,7.05,79.5,Wheat
103.0,52.8,40.2,16.1,65.3,6.48,105.2,Wheat
91.4,43.2,40.9,14.1,56.7,7.23,65.1,Wheat
79.5,47.7,45.9,20.8,68.5,6.45,53.7,Wheat
105.0,43.4,38.7,22.8,65.8,6.93,107.5,Wheat
83.6,49.6,40.3,19.4,71.7,6.95,83.1,Wheat
100.7,43.2,35.8,15.1,50.7,7.57,58.5,Wheat
87.8,43.6,41.5,21.2,67.7,6.52,72.5,Wheat
92.8,43.8,48.0,20.1,66.9,7.02,92.6,Wheat
91.8,38.5,42.0,16.4,59.3,6.98,93.6,Wheat
90.2,46.5,48.5,19.3,78.1,6.98,48.6,Wheat
97.5,46.9,46.4,20.7,61.7,6.26,71.9,Wheat
81.5,42.1,42.9,23.9,64.9,6.27,81.7,Wheat
102.0,42.0,39.3,18.5,57.8,7.01,73.2,Wheat
94.2,40.6,37.8,20.8,60.3,7.44,69.0,Wheat
92.2,49.7,32.9,12.8,53.3,7.26,66.7,Wheat
115.6,42.2,40.9,23.5,74.5,7.57,93.1,Wheat
100.2,48.0,43.9,16.7,57.6,6.75,72.4,Wheat
85.5,48.5,44.8,18.8,71.4,6.29,72.1,Wheat
82.8,35.7,39.6,18.1,71.6,7.0,59.6,Wheat
108.5,51.1,42.9,17.8,56.7,6.6,91.3,Wheat
108.8,52.7,37.6,14.9,63.3,6.04,79.8,Wheat
88.5,42.7,32.0,20.2,59.3,6.28,31.9,Wheat
89.7,53.9,48.3,17.0,58.9,6.94,60.0,Wheat
93.0,48.8,46.1,18.2,61.3,6.4,62.6,Wheat
87.7,46.8,44.6,15.9,71.5,6.64,74.7,Wheat
82.5,32.9,44.4,20.9,60.8,6.78,82.7,Wheat
74.4,42.4,44.0,14.4,64.3,6.21,82.0,Wheat
89.6,36.9,45.8,16.1,57.6,6.83,92.2,Wheat
79.8,45.3,42.1,20.8,63.6,6.6,62.6,Wheat
90.9,39.6,25.4,19.9,67.9,5.8,59.9,Wheat
96.2,55.3,40.1,16.1,61.4,7.3,65.3,Wheat
82.0,42.6,35.2,18.9,72.2,6.88,71.2,Wheat
87.1,37.2,44.4,18.2,61.4,8.03,79.5,Wheat
82.5,42.9,45.7,18.9,53.9,7.12,65.0,Wheat
108.7,50.4,37.8,22.7,62.9,7.09,82.3,Wheat
81.5,41.8,45.1,17.4,60.1,6.37,81.4,Wheat
110.6,39.7,40.1,23.1,62.0,6.93,59.1,Wheat
94.3,44.1,44.9,22.4,78.0,6.98,79.9,Wheat
91.9,43.2,41.7,17.5,63.5,7.28,59.9,Wheat
101.4,51.6,39.4,11.6,58.9,7.27,74.7,Wheat
80.0,42.5,44.2,20.3,61.1,6.6,69.1,Wheat
80.8,53.1,38.4,22.5,71.6,7.15,68.5,Wheat
94.0,44.9,35.5,19.6,55.4,7.23,68.0,Wheat
92.0,46.4,38.7,20.4,59.7,7.1,54.8,Wheat
91.3,54.7,35.0,16.3,65.6,6.82,80.3,Wheat
94.9,48.2,45.5,19.8,61.1,7.02,103.5,Wheat
88.7,40.1,45.5,18.1,49.5,7.09,67.0,Wheat
89.1,46.7,41.0,20.8,59.9,6.96,71.1,Wheat
97.4,48.1,35.3,22.0,59.3,7.07,80.5,Wheat
108.4,43.9,38.3,18.4,60.7,7.07,50.8,Wheat
79.5,39.7,44.8,24.1,61.9,6.68,76.1,Wheat
101.6,40.4,41.2,21.7,65.5,6.83,90.0,Wheat
63.0,48.4,36.7,12.6,65.6,7.3,72.9,Wheat
99.5,53.1,46.6,23.8,67.0,6.78,51.0,Wheat
87.5,40.8,50.9,17.9,63.2,6.97,75.7,Wheat
107.0,41.9,41.0,16.1,54.6,6.51,74.4,Wheat
85.7,41.5,33.0,18.2,53.5,7.05,76.2,Wheat
75.4,43.5,36.2,19.5,70.5,6.0,76.7,Wheat
88.4,48.4,41.1,16.1,60.6,6.43,91.1,Wheat
90.2,54.5,39.7,16.2,53.4,6.03,51.2,Wheat
92.7,47.5,32.1,21.4,59.6,6.81,99.2,Wheat
99.0,43.7,35.5,11.5,58.2,6.67,60.2,Wheat
88.7,45.4,38.9,16.4,63.5,6.93,58.6,Wheat
104.1,44.5,40.1,20.8,63.9,7.13,79.3,Wheat
83.9,46.8,34.3,18.9,62.3,6.67,73.1,Wheat
71.2,42.3,40.5,19.0,56.3,7.26,62.0,Wheat
99.7,47.1,36.8,24.3,55.3,7.12,90.0,Wheat
83.3,52.0,38.7,19.4,64.1,6.7,87.2,Wheat
97.9,36.3,46.5,13.1,68.7,7.2,58.6,Wheat
85.9,39.5,38.9,17.5,67.2,7.27,95.9,Wheat
84.4,44.0,31.6,15.9,68.3,7.4,56.5,Wheat
84.1,44.9,41.4,15.9,65.0,6.56,74.8,Wheat
95.5,45.0,37.8,18.1,62.0,6.6,71.1,Wheat
106.0,47.8,38.5,20.8,60.5,7.22,80.5,Wheat
88.9,47.2,32.1,14.8,55.3,6.81,101.0,Wheat
112.3,48.2,42.5,12.6,59.2,6.43,65.7,Wheat
88.3,42.6,30.1,20.9,56.1,6.85,106.1,Wheat
80.8,32.3,38.6,22.1,74.3,6.26,82.5,Wheat
85.3,44.5,53.2,13.6,64.0,6.94,91.3,Wheat
91.0,46.5,38.0,19.4,60.4,7.0,69.5,Wheat
93.8,44.9,45.6,18.3,51.9,7.25,61.4,Wheat
83.5,42.0,46.9,11.6,81.3,7.17,78.3,Wheat
89.5,46.4,42.6,20.6,65.8,6.79,72.0,Wheat
88.5,44.0,45.7,20.4,44.9,7.01,77.9,Wheat
89.8,43.1,45.6,21.6,57.9,6.91,60.4,Wheat
76.2,41.9,44.3,21.6,65.6,7.04,82.7,Wheat
83.6,47.2,44.0,21.0,69.6,7.03,80.3,Wheat
100.7,44.9,35.6,18.0,58.0,6.48,72.8,Wheat
82.1,43.5,30.5,19.2,62.5,6.42,84.9,Wheat
99.4,37.0,36.2,16.0,56.9,7.08,72.1,Wheat
87.4,35.0,43.2,14.5,62.9,6.86,95.4,Wheat
76.9,29.9,40.9,24.4,69.9,6.83,67.6,Wheat
98.1,40.1,42.4,20.1,68.9,7.85,80.9,Wheat
84.9,44.9,31.2,16.2,60.0,6.54,77.3,Wheat
81.8,50.6,40.0,18.5,60.5,6.81,87.4,Wheat
81.3,41.7,38.5,14.1,57.6,6.56,88.1,Wheat
92.6,46.0,44.3,18.1,64.8,6.71,79.0,Wheat
84.2,32.8,39.3,23.1,68.1,7.14,93.5,Wheat
90.9,46.0,36.9,17.5,66.2,7.23,72.9,Wheat
85.5,45.0,43.0,13.8,48.7,6.53,56.7,Wheat
84.9,44.3,37.7,23.2,64.5,6.87,84.3,Wheat
78.6,50.2,39.6,20.7,56.1,6.13,87.3,Wheat
93.8,40.5,35.7,22.2,55.4,7.41,61.5,Wheat
96.4,43.4,43.0,16.7,61.5,6.77,60.0,Wheat
97.4,42.4,38.9,15.3,47.1,6.67,111.2,Wheat
97.8,44.9,38.7,18.6,65.8,6.28,91.7,Wheat
97.2,48.6,42.2,18.6,66.5,6.99,69.7,Wheat
84.3,45.5,47.7,14.5,53.7,6.82,75.8,Wheat
91.7,46.2,38.9,23.3,52.9,6.42,73.5,Wheat
73.6,44.1,48.3,18.6,63.9,6.25,65.8,Wheat
86.2,43.4,46.4,20.3,55.8,6.85,82.5,Wheat
101.4,52.9,34.9,15.9,55.0,6.66,82.0,Wheat
99.9,44.6,38.4,19.0,57.5,7.59,50.9,Wheat
91.8,55.1,40.0,17.9,60.4,6.68,95.6,Wheat
67.9,52.7,32.9,17.6,59.9,6.99,51.0,Wheat
94.6,55.1,33.2,19.1,58.5,6.92,75.3,Wheat
83.6,47.4,49.0,17.9,66.8,6.23,60.7,Wheat
94.7,52.4,41.8,17.5,62.5,6.25,84.1,Wheat
98.8,42.7,37.6,19.4,59.9,6.72,106.5,Wheat
87.5,43.2,36.8,20.9,61.4,6.49,94.8,Wheat
104.2,42.0,30.7,21.8,58.4,7.07,45.4,Wheat
98.9,38.9,43.7,18.5,56.8,6.59,85.3,Wheat
91.1,47.9,49.9,13.4,72.2,6.79,61.5,Wheat
76.7,44.1,44.6,18.1,71.6,6.17,74.8,Wheat
77.5,46.8,44.4,17.1,46.9,6.83,81.6,Wheat
94.0,51.2,34.6,20.7,69.7,6.04,79.8,Wheat
85.0,44.6,41.7,16.9,58.4,6.76,58.7,Wheat
79.1,48.4,34.3,20.7,65.3,6.06,64.8,Wheat
101.9,40.1,37.7,20.0,67.2,6.65,66.0,Wheat
104.2,53.7,44.9,18.8,57.7,6.42,82.8,Wheat
94.2,52.0,43.3,13.6,68.8,6.35,69.2,Wheat
92.5,55.0,55.5,20.5,61.4,6.96,88.3,Wheat
86.8,54.0,41.2,20.1,66.5,6.92,87.6,Wheat
83.8,42.2,34.5,19.9,67.2,6.93,100.1,Wheat
89.9,48.3,34.5,17.2,66.7,7.09,70.6,Wheat
89.3,37.4,38.2,21.4,66.0,6.95,75.7,Wheat
90.1,41.7,43.5,19.9,65.5,6.54,42.7,Wheat
101.0,42.6,35.7,20.8,60.1,7.17,84.3,Wheat
96.8,38.2,46.1,19.3,60.3,6.81,48.4,Wheat
94.1,39.9,33.2,13.6,69.2,6.5,98.0,Wheat
84.6,36.5,34.4,22.5,61.6,6.53,77.4,Wheat
95.0,50.6,47.2,17.3,54.5,6.58,78.9,Wheat
80.4,40.2,41.7,18.3,62.7,6.45,71.5,Wheat
80.8,49.5,45.2,12.5,56.9,6.15,65.2,Wheat
89.2,37.8,35.4,15.2,63.7,6.78,64.2,Wheat
91.8,42.3,38.6,23.9,70.5,6.23,87.4,Wheat
98.1,39.3,44.1,23.5,55.8,6.38,90.3,Wheat
92.7,47.8,41.7,19.8,54.5,7.17,92.5,Wheat
87.7,44.8,32.3,20.2,65.9,6.73,91.9,Wheat
86.7,47.8,34.9,18.4,61.5,6.84,69.5,Wheat
88.7,49.1,37.8,13.3,73.0,7.3,55.6,Wheat
96.9,42.5,41.3,19.5,61.1,6.44,64.6,Wheat
80.8,40.8,39.7,16.2,66.6,7.34,66.3,Wheat
92.4,47.5,42.4,18.7,67.0,6.94,56.4,Wheat
98.7,49.4,36.2,18.6,66.6,6.67,91.1,Wheat
113.6,41.1,33.1,19.5,66.8,6.66,96.8,Wheat
76.6,48.5,37.0,24.1,74.5,6.44,66.8,Wheat
98.6,43.1,39.8,18.6,51.0,6.74,64.7,Wheat
85.1,52.2,33.7,21.1,60.8,6.64,86.9,Wheat
93.4,47.9,44.8,17.4,58.8,6.32,62.6,Wheat
119.5,51.2,33.2,14.2,65.4,6.97,83.2,Wheat
87.5,44.4,41.6,18.8,49.2,6.66,62.2,Wheat
81.8,54.9,41.8,23.1,70.5,6.84,101.3,Maize (Corn)
86.1,50.3,34.3,25.4,59.4,6.87,81.2,Maize (Corn)
75.8,38.5,44.9,26.8,57.5,6.67,84.4,Maize (Corn)
67.4,38.9,38.5,31.3,67.6,6.1,86.5,Maize (Corn)
90.2,50.4,32.1,18.4,76.2,6.81,82.0,Maize (Corn)
85.3,26.8,40.0,25.0,70.5,6.24,96.3,Maize (Corn)
70.7,41.3,35.5,22.8,59.0,6.91,107.9,Maize (Corn)
77.7,40.2,32.8,23.1,64.7,7.7,78.3,Maize (Corn)
94.6,45.0,41.4,29.3,67.2,6.81,94.2,Maize (Corn)
92.2,45.5,36.9,20.0,63.8,6.33,94.0,Maize (Corn)
92.4,37.7,39.8,24.2,70.1,5.75,85.9,Maize (Corn)
82.1,46.0,37.5,18.4,68.7,6.4,77.2,Maize (Corn)
73.8,39.1,37.0,17.4,70.4,7.16,104.8,Maize (Corn)
68.6,39.0,40.0,25.8,69.0,6.36,96.2,Maize (Corn)
84.6,47.3,43.5,26.4,65.5,7.21,101.1,Maize (Corn)
71.4,47.0,43.5,22.7,62.1,6.77,101.9,Maize (Corn)
82.0,41.6,48.5,27.2,66.1,7.03,79.5,Maize (Corn)
84.0,49.0,38.9,21.5,61.1,6.21,83.2,Maize (Corn)
76.3,33.0,40.1,26.7,59.6,7.26,102.7,Maize (Corn)
90.3,36.7,44.3,20.7,70.3,6.72,103.3,Maize (Corn)
68.2,35.5,43.0,21.2,67.8,6.1,107.7,Maize (Corn)
67.7,42.8,43.1,21.9,68.5,6.75,86.9,Maize (Corn)
69.9,30.2,41.7,19.3,65.6,6.54,105.2,Maize (Corn)
77.0,38.4,43.7,25.0,66.9,6.84,72.0,Maize (Corn)
87.6,43.1,34.9,23.3,64.8,6.6,100.0,Maize (Corn)
94.3,45.4,33.4,25.9,73.0,6.8,111.4,Maize (Corn)
100.1,45.1,41.2,27.1,65.9,6.66,89.7,Maize (Corn)
95.6,35.9,47.7,25.5,56.6,6.8,63.5,Maize (Corn)
86.3,44.4,37.0,24.4,76.7,6.45,79.1,Maize (Corn)
94.8,49.8,40.0,27.0,73.0,6.35,87.7,Maize (Corn)
92.3,48.4,42.8,21.4,76.9,6.44,90.0,Maize (Corn)
83.4,47.8,44.3,25.2,67.8,6.67,103.4,Maize (Corn)
54.7,38.5,41.2,20.5,67.3,6.57,121.3,Maize (Corn)
95.7,37.7,39.2,23.8,62.3,6.73,83.6,Maize (Corn)
68.7,43.1,43.1,21.6,70.4,6.4,98.8,Maize (Corn)
88.2,39.8,42.3,22.5,63.8,6.57,83.8,Maize (Corn)
78.2,32.3,37.5,23.1,63.5,6.55,94.1,Maize (Corn)
84.8,44.4,36.8,20.4,58.7,6.46,89.7,Maize (Corn)
72.3,33.5,37.7,24.5,68.6,6.43,88.8,Maize (Corn)
70.7,39.8,35.8,25.7,54.3,6.51,99.5,Maize (Corn)
81.8,53.5,41.7,21.0,64.4,5.94,93.8,Maize (Corn)
71.7,44.6,37.3,23.6,61.2,7.35,90.2,Maize (Corn)
98.3,44.1,42.4,25.1,67.4,5.88,90.8,Maize (Corn)
88.5,39.8,33.0,23.8,75.2,7.15,94.1,Maize (Corn)
89.5,38.2,31.5,21.2,74.4,6.54,91.3,Maize (Corn)
77.0,49.5,48.1,30.7,64.0,6.77,72.3,Maize (Corn)
94.8,34.2,41.1,20.7,61.5,6.32,85.9,Maize (Corn)
74.6,37.3,44.2,20.7,66.3,7.14,87.3,Maize (Corn)
72.8,38.8,45.9,24.6,61.8,6.84,78.5,Maize (Corn)
86.8,42.0,38.5,21.5,59.7,6.86,113.4,Maize (Corn)
73.6,42.3,29.6,22.2,64.8,6.29,81.0,Maize (Corn)
73.3,41.5,39.1,17.3,52.3,6.41,101.9,Maize (Corn)
52.5,37.5,37.4,28.2,62.7,6.8,97.1,Maize (Corn)
58.7,43.8,41.1,25.5,88.6,5.82,120.9,Maize (Corn)
77.1,41.4,39.8,22.7,61.6,6.78,72.2,Maize (Corn)
87.5,37.9,34.3,22.6,72.5,6.44,100.4,Maize (Corn)
72.7,43.8,43.4,29.5,63.9,6.92,96.5,Maize (Corn)
93.0,36.4,43.7,23.4,64.6,6.69,98.8,Maize (Corn)
78.8,41.1,47.9,27.0,70.2,6.47,81.7,Maize (Corn)
89.6,44.4,47.4,22.2,63.6,5.99,89.1,Maize (Corn)
90.0,37.7,43.2,23.4,66.9,6.19,96.3,Maize (Corn)
50.1,39.1,31.8,27.6,69.7,6.84,117.8,Maize (Corn)
70.5,48.7,44.7,23.3,71.8,6.21,82.6,Maize (Corn)
73.9,37.4,34.7,27.7,63.4,6.79,86.4,Maize (Corn)
61.8,41.4,30.4,23.8,56.8,7.44,108.7,Maize (Corn)
81.1,46.3,35.8,25.6,66.2,6.76,114.1,Maize (Corn)
87.3,41.4,31.7,21.1,64.3,6.69,78.0,Maize (Corn)
104.1,47.6,43.0,24.2,63.7,6.27,96.2,Maize (Corn)
82.6,33.8,41.7,23.5,53.6,6.31,88.8,Maize (Corn)
98.9,42.8,33.3,25.5,55.7,7.08,87.9,Maize (Corn)
79.1,46.6,33.6,19.8,61.5,7.07,72.2,Maize (Corn)
51.7,37.7,42.8,27.6,62.2,6.49,112.3,Maize (Corn)
61.3,38.1,41.0,25.3,61.9,6.66,57.7,Maize (Corn)
73.4,42.3,35.1,24.2,67.7,6.51,97.6,Maize (Corn)
70.4,39.0,43.1,24.5,61.5,6.74,105.7,Maize (Corn)
59.5,45.8,38.3,25.3,72.2,6.1,84.4,Maize (Corn)
77.1,36.1,48.7,21.4,61.7,6.73,77.0,Maize (Corn)
76.0,41.6,38.3,23.7,61.8,6.04,99.8,Maize (Corn)
97.5,40.1,41.1,26.1,57.4,7.33,98.0,Maize (Corn)
96.3,36.3,49.1,26.3,68.3,6.74,91.3,Maize (Corn)
92.0,40.7,30.2,20.6,63.9,6.77,94.2,Maize (Corn)
92.2,30.2,40.7,18.5,69.6,6.61,101.3,Maize (Corn)
71.4,46.4,45.2,25.8,64.2,6.88,84.4,Maize (Corn)
88.6,48.2,45.4,21.8,67.2,6.13,103.6,Maize (Corn)
84.5,30.7,34.2,23.2,63.2,6.17,100.8,Maize (Corn)
82.5,39.0,36.2,27.1,74.9,6.46,85.8,Maize (Corn)
84.9,38.2,39.3,26.2,53.5,7.18,96.1,Maize (Corn)
75.9,39.6,39.8,18.8,74.0,6.67,101.6,Maize (Corn)
89.5,34.9,42.4,23.2,70.1,5.8,93.5,Maize (Corn)
74.0,42.2,42.4,21.9,60.7,6.61,81.6,Maize (Corn)
88.4,38.2,25.5,22.9,58.8,6.0,76.4,Maize (Corn)
81.1,46.6,41.6,22.2,67.7,6.47,84.6,Maize (Corn)
68.5,31.2,38.1,24.5,64.4,6.48,80.8,Maize (Corn)
86.1,33.4,43.9,21.0,60.5,6.06,87.5,Maize (Corn)
89.8,42.6,44.9,25.6,58.4,6.52,83.3,Maize (Corn)
93.3,34.0,44.5,26.7,76.0,6.49,105.7,Maize (Corn)
102.8,36.9,32.3,18.4,69.3,5.9,89.4,Maize (Corn)
84.4,40.9,42.1,24.7,72.7,6.27,84.8,Maize (Corn)
72.3,44.2,44.5,25.4,72.1,6.18,120.0,Maize (Corn)
95.2,43.7,48.9,19.0,61.9,6.36,105.8,Maize (Corn)
69.5,43.8,46.9,26.1,66.7,6.25,82.3,Maize (Corn)
92.5,43.9,39.8,22.7,52.8,6.22,123.7,Maize (Corn)
67.2,40.9,45.0,20.2,66.1,7.03,95.2,Maize (Corn)
108.7,31.7,45.3,23.5,69.6,6.83,84.0,Maize (Corn)
82.3,30.7,43.0,24.9,68.8,7.07,100.5,Maize (Corn)
81.5,35.6,36.4,27.6,73.6,6.55,95.7,Maize (Corn)
71.0,45.9,43.3,29.8,59.7,6.5,98.5,Maize (Corn)
86.5,38.9,35.6,26.6,69.3,6.28,115.3,Maize (Corn)
91.7,40.7,40.4,25.7,59.8,6.66,62.7,Maize (Corn)
88.8,32.2,47.5,23.0,63.7,6.4,90.7,Maize (Corn)
94.2,27.6,46.4,25.0,57.8,6.22,120.1,Maize (Corn)
70.5,34.2,45.7,25.0,59.4,6.74,79.6,Maize (Corn)
91.0,45.3,42.7,25.1,75.6,6.65,77.3,Maize (Corn)
84.5,50.4,34.9,22.9,67.5,6.63,80.3,Maize (Corn)
91.2,51.6,41.0,21.3,55.7,6.75,111.6,Maize (Corn)
84.8,40.0,37.1,20.7,70.0,7.02,71.8,Maize (Corn)
95.9,42.9,47.0,20.0,56.8,6.59,102.5,Maize (Corn)
98.0,43.5,38.8,20.9,72.4,6.26,119.4,Maize (Corn)
77.2,48.0,43.4,23.6,61.9,6.51,101.4,Maize (Corn)
80.8,37.0,39.2,24.2,52.2,6.83,80.3,Maize (Corn)
68.5,31.6,31.0,19.9,60.7,7.43,87.1,Maize (Corn)
81.8,42.0,40.7,23.8,57.8,7.23,122.1,Maize (Corn)
63.2,34.9,38.6,21.1,68.0,6.36,127.5,Maize (Corn)
91.9,41.1,45.1,27.3,61.6,6.32,96.2,Maize (Corn)
88.6,40.7,32.1,21.6,64.6,6.62,124.6,Maize (Corn)
66.1,42.5,47.4,30.8,62.6,6.85,103.5,Maize (Corn)
82.0,39.5,42.2,16.4,69.1,6.7,91.7,Maize (Corn)
100.5,36.6,38.0,30.0,60.0,6.43,92.8,Maize (Corn)
88.4,41.0,33.5,22.4,61.4,6.62,101.4,Maize (Corn)
84.2,31.1,45.3,24.8,73.3,6.83,111.5,Maize (Corn)
84.7,46.7,42.6,23.7,78.6,7.01,103.6,Maize (Corn)
67.2,33.6,41.5,24.4,61.3,6.71,118.8,Maize (Corn)
87.0,34.3,39.4,21.6,62.7,6.48,87.8,Maize (Corn)
67.4,39.4,37.2,15.2,77.3,7.09,89.4,Maize (Corn)
80.2,34.1,48.5,29.7,65.9,7.06,97.6,Maize (Corn)
66.6,37.9,40.7,22.6,63.7,6.61,93.8,Maize (Corn)
80.5,34.7,36.4,20.1,70.9,5.81,112.3,Maize (Corn)
93.9,38.5,27.0,22.9,64.6,6.25,87.3,Maize (Corn)
95.3,43.3,35.4,19.2,63.0,6.56,102.4,Maize (Corn)
74.6,42.6,49.7,26.4,64.7,6.58,89.6,Maize (Corn)
91.8,36.9,40.2,24.2,62.0,6.1,99.8,Maize (Corn)
79.4,42.5,37.3,27.7,59.7,7.33,68.8,Maize (Corn)
84.3,42.4,36.0,25.3,72.7,5.76,102.5,Maize (Corn)
55.1,35.2,48.1,22.3,58.0,6.57,126.0,Maize (Corn)
61.7,34.7,47.5,29.6,64.4,6.15,126.4,Maize (Corn)
95.9,43.4,35.9,23.9,64.0,6.78,116.8,Maize (Corn)
88.8,34.6,46.9,24.9,69.1,7.24,78.3,Maize (Corn)
79.6,37.3,32.2,25.0,80.1,5.91,94.5,Maize (Corn)
86.4,40.6,39.4,20.1,66.4,6.35,62.2,Maize (Corn)
91.9,44.8,40.3,24.7,71.4,6.74,108.6,Maize (Corn)
77.0,46.6,41.6,24.6,57.4,6.76,82.5,Maize (Corn)
73.6,35.9,34.7,30.4,73.0,7.42,76.7,Maize (Corn)
80.7,33.5,36.5,21.2,72.4,6.49,111.0,Maize (Corn)
86.0,51.5,32.6,27.8,71.9,6.26,110.1,Maize (Corn)
83.4,38.9,35.9,21.8,77.3,6.65,106.7,Maize (Corn)
72.1,36.1,45.4,20.0,62.5,6.66,96.7,Maize (Corn)
78.2,42.0,43.5,26.2,59.1,6.54,112.9,Maize (Corn)
88.9,33.1,41.8,18.1,65.3,7.41,80.8,Maize (Corn)
71.7,43.8,32.3,22.1,68.6,6.4,91.5,Maize (Corn)
87.4,42.1,41.3,23.0,67.2,6.6,101.9,Maize (Corn)
75.0,39.1,35.1,23.9,60.1,6.2,98.9,Maize (Corn)
82.1,43.9,37.8,25.2,68.3,6.83,82.6,Maize (Corn)
81.5,41.8,40.0,17.7,66.0,7.54,89.6,Maize (Corn)
72.7,41.9,41.6,27.6,57.5,6.94,103.9,Maize (Corn)
78.6,41.7,45.1,26.6,58.1,6.98,94.0,Maize (Corn)
80.7,40.4,39.2,27.6,64.5,6.2,89.1,Maize (Corn)
81.8,46.1,43.0,21.4,79.9,6.76,114.1,Maize (Corn)
78.5,42.7,44.2,27.7,71.3,7.0,90.3,Maize (Corn)
74.3,41.7,44.7,23.3,71.4,7.23,81.3,Maize (Corn)
71.6,39.3,41.5,22.4,73.1,6.82,95.6,Maize (Corn)
65.6,33.4,41.4,17.6,71.1,6.59,143.6,Maize (Corn)
103.1,39.1,39.5,27.0,75.2,5.99,68.2,Maize (Corn)
73.8,42.9,42.5,27.2,57.8,5.72,107.9,Maize (Corn)
71.7,29.9,40.7,26.4,64.3,6.47,92.6,Maize (Corn)
76.3,33.3,36.4,25.6,66.9,6.72,80.1,Maize (Corn)
78.2,29.1,40.9,28.3,56.2,6.42,99.9,Maize (Corn)
92.5,37.8,36.5,18.1,65.6,7.47,99.2,Maize (Corn)
79.8,41.6,39.9,21.6,69.9,6.74,95.3,Maize (Corn)
70.2,46.5,43.3,22.3,71.0,6.45,83.3,Maize (Corn)
72.4,31.1,42.4,18.5,57.6,5.82,93.7,Maize (Corn)
68.5,33.4,29.8,23.9,70.3,6.78,89.7,Cotton
61.1,35.9,41.5,30.1,65.0,7.1,81.4,Cotton
70.1,33.4,34.2,28.7,61.5,6.59,64.2,Cotton
54.0,28.9,35.8,24.9,70.6,7.01,55.5,Cotton
76.5,39.1,30.0,29.5,62.4,7.04,66.0,Cotton
52.1,33.1,34.4,26.6,60.4,6.84,89.0,Cotton
69.6,35.9,31.6,32.1,60.4,7.2,102.7,Cotton
74.8,34.0,32.4,31.6,59.0,6.61,79.0,Cotton
82.4,36.9,30.2,26.9,63.8,6.72,99.7,Cotton
56.3,43.0,39.1,31.8,64.7,6.94,63.5,Cotton
64.8,37.5,41.5,24.1,65.3,6.94,64.1,Cotton
75.9,31.4,34.0,26.4,62.8,7.0,81.8,Cotton
66.3,31.4,36.6,33.8,68.3,7.4,64.1,Cotton
71.6,29.5,27.6,25.4,74.7,7.38,88.6,Cotton
54.7,34.0,36.5,28.6,56.4,6.64,84.0,Cotton
75.4,24.0,34.2,28.5,72.6,7.28,93.7,Cotton
62.0,25.5,33.0,31.5,75.9,7.28,91.4,Cotton
73.8,32.2,34.3,33.8,61.8,7.65,80.2,Cotton
83.3,28.0,37.9,25.4,59.0,7.09,100.1,Cotton
61.6,27.5,34.5,27.7,70.8,7.38,84.1,Cotton
88.6,36.1,33.3,22.4,65.9,6.87,99.4,Cotton
74.6,29.1,35.9,30.4,76.7,7.36,96.4,Cotton
70.6,36.9,41.2,23.3,65.4,6.69,90.7,Cotton
82.3,32.0,23.0,26.6,73.0,7.22,91.4,Cotton
67.2,28.6,37.6,25.1,80.6,7.23,76.3,Cotton
63.9,34.5,33.8,31.9,68.6,6.71,113.4,Cotton
70.5,38.8,32.0,29.3,69.4,6.24,115.2,Cotton
82.9,33.0,29.5,29.2,68.0,7.14,87.9,Cotton
75.1,42.2,37.8,24.3,75.7,7.66,132.3,Cotton
58.8,36.2,24.6,29.9,64.2,7.77,73.4,Cotton
53.1,32.6,25.1,30.6,55.1,7.01,53.8,Cotton
66.8,43.2,36.8,25.0,67.3,7.01,92.1,Cotton
56.3,38.0,21.5,25.8,64.6,7.25,85.3,Cotton
55.9,30.1,36.0,27.7,64.0,6.81,95.4,Cotton
64.8,34.6,45.8,23.0,56.4,7.31,74.8,Cotton
66.8,31.1,33.7,33.6,72.3,7.34,63.8,Cotton
58.5,20.8,31.0,31.3,70.6,6.91,84.7,Cotton
63.1,36.0,38.8,22.3,69.3,7.37,78.8,Cotton
77.0,49.1,34.5,29.4,63.1,7.07,91.9,Cotton
71.9,29.9,36.0,33.1,70.2,7.38,81.4,Cotton
77.5,36.4,30.2,29.1,61.5,6.75,87.8,Cotton
73.0,29.1,40.3,30.0,63.3,6.38,82.8,Cotton
65.5,35.6,33.2,21.0,65.2,6.88,94.5,Cotton
63.0,43.4,25.4,32.6,66.2,7.34,86.2,Cotton
81.4,33.1,29.5,33.0,66.8,7.09,103.5,Cotton
59.7,38.0,32.1,27.5,67.9,6.4,73.3,Cotton
83.5,39.4,34.7,28.9,65.7,7.54,82.0,Cotton
72.3,40.7,31.1,33.5,58.3,7.65,79.4,Cotton
67.6,25.5,32.7,24.4,63.9,6.95,99.4,Cotton
72.1,36.5,29.5,24.9,78.3,6.71,109.8,Cotton
67.6,35.0,40.4,32.5,66.8,6.84,84.2,Cotton
73.4,39.5,35.0,30.2,77.3,7.15,89.7,Cotton
54.8,21.8,36.9,27.7,64.4,7.1,84.1,Cotton
81.3,35.4,31.3,31.5,66.2,7.21,77.8,Cotton
63.5,35.4,35.1,29.7,65.9,6.27,78.5,Cotton
77.9,33.5,33.8,31.5,63.2,6.38,82.6,Cotton
65.2,30.2,34.1,29.7,67.4,7.12,112.2,Cotton
66.6,36.4,32.5,25.0,64.0,6.81,90.4,Cotton
93.5,31.4,32.9,27.8,69.9,7.11,104.3,Cotton
45.7,23.1,32.5,31.8,58.1,5.8,93.6,Cotton
72.4,29.5,30.1,24.6,68.2,6.75,92.4,Cotton
41.5,30.7,29.4,27.1,64.3,7.32,57.1,Cotton
70.5,37.8,44.3,26.3,69.4,6.28,49.1,Cotton
78.4,35.0,40.9,23.2,70.6,7.75,91.3,Cotton
72.8,35.0,27.1,32.7,63.8,7.2,61.6,Cotton
58.2,42.2,33.3,33.1,67.0,6.26,98.4,Cotton
64.1,38.5,35.1,22.6,68.5,7.88,92.4,Cotton
69.4,40.4,36.1,28.7,61.0,7.09,100.5,Cotton
61.6,42.1,34.5,24.9,73.5,6.89,96.4,Cotton
67.1,34.7,37.5,29.0,55.5,6.55,98.9,Cotton
68.7,32.4,28.2,24.2,55.4,6.96,76.0,Cotton
60.3,34.7,36.8,35.3,58.4,7.46,99.6,Cotton
62.2,36.0,32.7,28.6,76.6,7.24,92.6,Cotton
65.7,27.6,34.0,32.2,58.3,6.58,86.9,Cotton
60.2,31.0,32.9,23.2,61.7,7.28,65.4,Cotton
54.0,31.8,38.7,27.3,64.7,7.02,58.8,Cotton
74.9,36.9,33.0,31.5,60.7,7.45,87.3,Cotton
66.6,34.9,34.5,32.3,61.0,6.69,100.5,Cotton
64.0,39.5,43.5,26.6,71.6,6.54,96.3,Cotton
72.0,37.4,31.8,22.2,70.5,6.17,80.2,Cotton
79.4,36.0,44.7,31.6,63.6,7.01,84.3,Cotton
54.2,30.3,32.2,20.9,67.8,6.9,59.9,Cotton
74.0,38.6,36.1,26.9,71.0,7.27,89.6,Cotton
61.8,36.4,41.0,25.9,80.1,6.79,85.5,Cotton
63.3,36.1,26.3,26.1,60.9,7.05,99.9,Cotton
76.5,23.1,45.2,29.0,62.8,7.06,87.6,Cotton
63.3,36.0,32.0,26.6,63.4,6.43,87.2,Cotton
75.9,37.6,39.1,29.1,64.3,7.34,64.6,Cotton
61.0,30.2,40.4,31.3,70.4,7.43,71.8,Cotton
73.5,34.4,39.2,27.6,65.2,7.22,98.1,Cotton
63.3,34.7,29.7,19.3,68.7,7.24,88.9,Cotton
50.5,33.2,23.9,32.8,61.0,7.5,99.2,Cotton
61.0,29.3,36.8,25.0,68.1,6.81,58.3,Cotton
47.7,36.1,32.2,26.1,71.7,7.47,80.9,Cotton
66.6,37.5,28.2,28.8,70.8,7.27,55.9,Cotton
62.4,30.6,35.5,29.7,76.5,6.8,77.5,Cotton
81.5,36.5,41.3,29.0,60.6,6.47,61.7,Cotton
76.6,40.9,44.2,31.0,74.5,6.77,67.7,Cotton
78.5,37.1,35.5,29.4,69.4,7.51,104.4,Cotton
75.4,39.2,37.6,26.4,72.0,6.44,100.8,Cotton
58.1,36.4,30.8,29.9,67.3,6.36,91.3,Cotton
64.2,39.4,35.0,29.4,61.8,6.76,78.1,Cotton
78.6,43.4,31.0,31.8,54.5,6.52,70.6,Cotton
56.5,27.1,37.1,27.3,69.8,7.28,89.0,Cotton
76.6,34.7,29.1,31.7,64.0,6.63,82.3,Cotton
60.9,32.9,36.7,29.2,62.1,6.8,101.1,Cotton
75.0,45.4,40.9,32.0,59.2,7.31,84.2,Cotton
64.5,35.8,39.7,29.8,62.2,7.3,75.4,Cotton
72.2,33.5,33.9,30.7,61.3,7.78,57.7,Cotton
64.0,36.9,37.9,27.6,67.2,7.16,81.5,Cotton
83.9,39.2,39.4,24.6,67.0,6.88,69.9,Cotton
73.6,32.3,38.3,24.3,77.8,6.64,88.3,Cotton
77.9,32.1,39.3,23.7,76.2,7.01,76.1,Cotton
67.0,39.0,32.1,25.4,66.2,6.53,112.3,Cotton
64.3,39.2,36.0,24.6,67.5,7.31,82.2,Cotton
81.9,40.1,39.6,26.4,61.0,6.75,87.9,Cotton
75.5,24.1,35.0,28.6,65.8,7.52,91.3,Cotton
83.1,33.9,39.7,33.7,75.4,6.56,81.2,Cotton
66.5,37.4,38.4,25.1,67.9,6.19,106.6,Cotton
64.9,35.3,33.5,32.0,50.5,6.99,83.4,Cotton
65.5,43.6,30.6,30.7,69.6,7.5,75.0,Cotton
62.7,40.5,37.1,22.6,64.3,7.15,97.6,Cotton
63.2,20.4,37.6,23.7,55.4,5.87,97.2,Cotton
71.3,33.9,41.9,30.2,77.2,6.44,84.5,Cotton
53.8,33.9,33.8,30.2,67.8,7.25,95.6,Cotton
91.5,33.4,30.3,28.9,62.7,7.59,80.8,Cotton
64.3,32.6,38.6,27.4,63.6,7.67,72.2,Cotton
70.4,38.3,26.8,29.7,61.2,7.33,70.6,Cotton
76.9,40.5,39.3,28.9,66.1,6.77,107.1,Cotton
63.0,29.8,38.3,25.2,61.8,6.42,77.8,Cotton
69.2,36.2,39.8,29.8,66.4,6.92,92.7,Cotton
82.7,35.6,32.7,24.5,58.8,7.27,93.7,Cotton
75.8,34.4,42.0,26.3,73.2,6.98,75.9,Cotton
75.9,37.0,36.8,28.3,67.3,7.96,102.8,Cotton
77.2,35.6,40.0,29.8,67.7,6.88,83.8,Cotton
38.3,36.1,32.6,33.6,67.6,6.52,84.3,Cotton
59.5,37.4,36.5,31.4,62.8,7.01,64.5,Cotton
77.0,37.6,37.5,28.0,70.0,7.64,80.7,Cotton
71.4,29.6,30.7,28.3,74.1,6.9,81.5,Cotton
65.9,32.3,36.5,22.8,75.2,6.73,95.8,Cotton
57.3,38.3,38.4,29.3,61.5,7.1,67.3,Cotton
67.5,40.1,39.0,28.1,61.7,7.26,85.3,Cotton
46.8,38.9,34.9,32.2,60.9,5.73,89.2,Cotton
72.9,26.5,30.1,37.6,65.7,7.29,75.2,Cotton
49.1,34.1,33.7,26.6,66.8,7.11,82.7,Cotton
57.4,37.4,25.3,20.8,71.9,7.2,84.1,Cotton
56.0,31.5,33.7,22.4,63.1,7.26,106.4,Cotton
65.8,38.8,25.4,30.3,62.7,7.12,81.3,Cotton
83.2,30.6,38.1,27.0,66.6,6.93,72.3,Cotton
69.9,34.7,36.2,28.3,72.3,7.37,69.2,Cotton
78.7,29.1,37.9,30.2,56.0,7.04,78.0,Cotton
62.4,41.8,31.7,25.2,68.0,7.27,82.9,Cotton
81.7,37.7,24.1,26.1,64.1,7.19,45.6,Cotton
95.5,37.7,35.7,32.1,81.6,7.35,99.2,Cotton
71.3,34.3,32.6,25.1,63.4,6.46,83.9,Cotton
53.2,36.0,34.8,28.5,64.4,8.23,105.4,Cotton
57.6,36.2,32.0,24.4,59.5,7.17,74.8,Cotton
79.7,40.0,41.9,25.0,70.4,7.25,77.9,Cotton
62.3,43.0,36.1,30.2,62.6,6.51,76.5,Cotton
68.8,29.7,35.0,22.1,60.8,7.27,94.1,Cotton
66.1,29.9,29.9,26.7,71.4,7.37,77.6,Cotton
58.5,36.3,30.9,26.2,75.5,7.33,87.4,Cotton
57.3,36.1,40.3,26.7,75.6,7.52,110.0,Cotton
73.1,37.9,42.1,29.6,64.5,6.82,88.6,Cotton
57.1,34.3,40.5,20.3,76.7,7.45,78.1,Cotton
75.4,35.0,41.1,31.4,59.1,7.23,81.9,Cotton
70.8,31.4,43.7,31.6,63.1,6.47,79.2,Cotton
74.3,36.2,41.3,30.8,73.3,7.13,64.2,Cotton
68.0,40.3,34.7,29.8,65.6,6.59,83.1,Cotton
73.1,31.7,33.8,24.7,74.2,6.88,106.8,Cotton
85.3,34.6,30.0,20.7,58.7,6.45,105.7,Cotton
71.2,36.9,23.9,23.8,72.8,7.11,82.8,Cotton
75.6,43.2,33.9,28.2,68.7,7.96,53.5,Cotton
76.8,34.4,37.8,25.7,67.2,7.28,131.7,Cotton
78.1,30.8,32.9,26.4,56.7,6.87,96.0,Cotton
57.3,40.2,37.4,25.4,66.7,7.64,96.0,Cotton
70.1,33.8,35.4,26.2,54.9,7.82,87.3,Cotton
74.0,34.7,31.3,27.3,57.9,7.91,66.5,Cotton
59.7,32.8,41.4,28.1,60.1,7.5,96.0,Cotton
75.4,38.6,47.0,35.6,63.4,7.65,90.7,Cotton
27.5,41.9,29.1,18.9,60.0,7.33,18.9,Chickpea (Gram)
24.9,59.5,29.1,23.9,57.1,7.04,45.9,Chickpea (Gram)
18.9,45.5,33.5,21.6,54.2,6.73,45.4,Chickpea (Gram)
30.2,50.4,23.3,23.9,53.8,6.91,74.1,Chickpea (Gram)
24.9,54.3,24.1,20.8,58.7,6.28,53.0,Chickpea (Gram)
25.5,52.8,35.2,22.6,63.9,6.5,52.0,Chickpea (Gram)
25.4,45.8,34.8,29.1,54.9,7.1,51.3,Chickpea (Gram)
21.4,41.1,26.5,17.0,65.2,6.85,44.8,Chickpea (Gram)
29.4,45.5,26.2,21.7,61.2,7.1,53.7,Chickpea (Gram)
25.4,55.0,31.0,18.2,55.3,6.47,51.2,Chickpea (Gram)
22.6,68.4,29.8,16.9,54.2,7.11,75.1,Chickpea (Gram)
22.1,42.6,34.1,17.0,52.4,6.8,49.0,Chickpea (Gram)
28.4,48.2,28.6,21.5,55.9,6.94,56.5,Chickpea (Gram)
29.2,55.0,32.3,16.4,55.3,7.09,60.9,Chickpea (Gram)
21.5,48.4,27.1,23.2,61.2,6.74,63.6,Chickpea (Gram)
25.6,51.7,28.9,23.9,57.0,7.81,37.2,Chickpea (Gram)
27.6,49.2,25.7,21.5,55.8,8.07,47.2,Chickpea (Gram)
19.3,54.2,19.6,21.2,55.1,7.22,64.6,Chickpea (Gram)
22.5,51.6,26.2,17.8,56.9,6.39,43.8,Chickpea (Gram)
20.0,55.9,39.0,17.3,43.9,6.85,50.2,Chickpea (Gram)
26.1,49.7,29.0,22.7,61.2,6.12,44.5,Chickpea (Gram)
26.1,46.8,38.7,19.4,54.8,7.12,41.1,Chickpea (Gram)
15.8,49.8,35.1,20.4,49.9,7.27,45.0,Chickpea (Gram)
22.4,53.4,33.9,29.2,60.0,7.36,42.4,Chickpea (Gram)
19.9,52.9,30.5,18.0,53.9,7.06,55.4,Chickpea (Gram)
27.5,54.3,27.5,19.8,47.8,7.61,50.2,Chickpea (Gram)
23.9,46.7,44.7,18.0,52.4,7.07,59.0,Chickpea (Gram)
29.8,63.8,32.5,18.1,53.5,7.02,81.0,Chickpea (Gram)
18.0,60.0,30.9,24.2,54.4,6.56,61.3,Chickpea (Gram)
28.3,58.6,29.9,19.6,45.6,7.23,56.4,Chickpea (Gram)
20.2,49.1,27.7,16.7,50.1,6.45,43.8,Chickpea (Gram)
21.3,42.3,40.1,25.6,50.3,7.01,56.3,Chickpea (Gram)
31.0,47.4,35.5,19.7,47.0,7.19,69.4,Chickpea (Gram)
37.9,45.0,33.5,20.2,59.7,6.31,31.1,Chickpea (Gram)
21.1,53.0,26.8,23.6,61.2,7.14,74.3,Chickpea (Gram)
27.1,44.9,36.8,19.5,60.5,7.53,56.9,Chickpea (Gram)
17.5,46.8,36.6,21.0,55.5,7.2,60.4,Chickpea (Gram)
26.4,51.2,28.4,24.3,58.3,6.8,66.2,Chickpea (Gram)
24.4,47.2,26.2,18.3,53.4,7.39,37.9,Chickpea (Gram)
25.9,48.4,28.7,16.6,53.7,6.82,58.1,Chickpea (Gram)
26.1,45.0,35.4,22.2,56.2,6.9,42.2,Chickpea (Gram)
26.1,55.5,21.3,19.7,53.5,7.0,67.9,Chickpea (Gram)
21.1,49.4,27.4,18.9,52.9,7.21,34.2,Chickpea (Gram)
27.1,41.9,27.2,20.4,65.0,6.79,17.0,Chickpea (Gram)
15.0,52.7,33.1,22.7,56.0,7.36,41.9,Chickpea (Gram)
29.5,42.3,25.5,15.6,53.4,6.88,51.7,Chickpea (Gram)
25.3,46.7,29.0,16.6,63.2,6.78,42.7,Chickpea (Gram)
32.9,44.7,24.4,17.9,54.6,7.07,61.1,Chickpea (Gram)
37.9,38.4,33.0,19.7,51.5,6.65,36.4,Chickpea (Gram)
33.4,57.8,30.1,25.9,45.9,6.37,17.3,Chickpea (Gram)
21.5,53.5,30.5,22.0,46.5,7.22,53.6,Chickpea (Gram)
28.7,40.7,31.6,17.6,52.6,7.11,51.4,Chickpea (Gram)
20.7,52.5,22.3,25.2,53.8,7.35,42.1,Chickpea (Gram)
22.4,47.7,34.4,19.2,58.9,6.75,20.4,Chickpea (Gram)
22.1,45.1,30.2,17.6,60.6,6.86,47.3,Chickpea (Gram)
28.3,58.5,29.9,19.0,44.4,6.63,40.7,Chickpea (Gram)
25.5,50.3,33.4,19.5,54.7,7.37,55.1,Chickpea (Gram)
24.7,48.7,26.8,18.7,51.8,7.2,46.7,Chickpea (Gram)
18.3,63.6,31.6,16.9,52.3,6.94,75.6,Chickpea (Gram)
19.5,58.6,37.0,19.5,53.3,6.49,46.9,Chickpea (Gram)
24.8,56.6,35.5,19.1,43.2,6.89,54.4,Chickpea (Gram)
26.2,50.5,30.6,26.4,57.3,6.75,42.5,Chickpea (Gram)
24.2,62.7,29.1,21.4,52.1,7.34,79.4,Chickpea (Gram)
27.3,53.0,30.2,13.8,59.5,6.95,56.4,Chickpea (Gram)
21.4,50.1,27.9,24.8,52.7,7.73,56.5,Chickpea (Gram)
18.6,51.7,26.7,14.4,64.6,7.18,58.0,Chickpea (Gram)
25.8,43.9,27.6,24.2,48.7,5.89,46.6,Chickpea (Gram)
24.3,53.3,33.6,23.6,56.6,7.38,27.2,Chickpea (Gram)
27.5,56.4,23.8,16.6,50.5,6.64,61.3,Chickpea (Gram)
21.9,47.1,26.9,25.1,55.1,6.83,48.3,Chickpea (Gram)
31.5,47.8,36.6,22.2,54.0,7.9,34.2,Chickpea (Gram)
23.2,44.8,34.8,27.0,65.0,7.39,47.0,Chickpea (Gram)
23.2,42.1,40.2,23.0,52.0,7.43,35.4,Chickpea (Gram)
27.0,51.4,33.2,21.3,46.3,6.93,65.7,Chickpea (Gram)
24.9,57.3,24.8,21.4,51.3,7.2,50.5,Chickpea (Gram)
28.5,59.3,33.5,22.4,49.0,6.9,42.0,Chickpea (Gram)
23.3,50.2,25.1,15.1,51.0,6.98,29.8,Chickpea (Gram)
25.1,64.4,35.1,26.8,57.3,7.37,39.1,Chickpea (Gram)
21.8,35.4,35.9,26.5,51.7,6.8,38.7,Chickpea (Gram)
26.9,59.5,21.3,22.8,53.3,6.95,56.9,Chickpea (Gram)
24.1,51.9,28.9,24.7,57.5,6.99,30.9,Chickpea (Gram)
23.1,58.1,30.2,23.6,65.6,7.32,51.4,Chickpea (Gram)
22.4,36.5,29.2,20.4,57.3,6.84,45.2,Chickpea (Gram)
16.1,46.6,32.4,27.1,54.4,7.03,64.3,Chickpea (Gram)
20.9,54.8,26.3,24.3,55.9,7.02,38.3,Chickpea (Gram)
28.5,65.5,25.0,20.4,56.4,7.21,41.6,Chickpea (Gram)
10.8,61.0,33.8,15.8,51.4,7.53,71.7,Chickpea (Gram)
29.7,51.4,30.4,21.1,61.8,6.55,37.9,Chickpea (Gram)
30.1,52.2,36.9,19.3,54.7,6.53,50.1,Chickpea (Gram)
17.6,49.5,22.8,23.8,59.3,6.21,70.0,Chickpea (Gram)
37.5,52.8,26.8,30.7,47.1,6.91,52.7,Chickpea (Gram)
31.7,54.7,27.5,18.4,52.9,6.5,50.7,Chickpea (Gram)
22.2,43.2,36.3,19.9,47.4,6.83,51.0,Chickpea (Gram)
16.3,54.6,24.8,27.1,58.1,6.74,38.8,Chickpea (Gram)
24.5,56.3,29.9,20.8,55.4,6.66,44.9,Chickpea (Gram)
14.6,58.6,31.5,19.0,66.4,6.93,34.5,Chickpea (Gram)
29.3,55.0,32.0,20.1,57.7,6.8,58.3,Chickpea (Gram)
15.5,49.8,38.6,19.0,51.4,6.72,31.8,Chickpea (Gram)
14.0,51.1,30.7,21.3,54.1,6.92,65.3,Chickpea (Gram)
24.0,48.9,28.6,23.4,63.5,6.65,51.5,Chickpea (Gram)
26.7,46.3,30.1,16.7,44.4,7.05,44.2,Chickpea (Gram)
26.0,52.4,25.1,21.4,47.6,7.46,29.7,Chickpea (Gram)
24.0,46.0,32.9,20.4,51.9,7.24,50.4,Chickpea (Gram)
27.6,46.4,23.0,21.8,53.1,7.15,48.8,Chickpea (Gram)
26.0,42.4,39.4,21.0,59.2,6.57,54.6,Chickpea (Gram)
18.5,55.3,28.2,21.6,59.2,6.41,39.7,Chickpea (Gram)
27.3,65.6,29.3,23.4,54.4,7.68,23.8,Chickpea (Gram)
25.5,42.3,17.5,22.5,55.8,6.79,48.4,Chickpea (Gram)
40.5,50.9,32.6,19.4,56.8,6.8,43.8,Chickpea (Gram)
34.1,59.9,30.7,14.0,52.8,7.98,46.5,Chickpea (Gram)
30.5,61.5,31.1,18.8,40.4,7.17,37.8,Chickpea (Gram)
25.9,44.7,28.7,21.6,56.6,6.45,68.0,Chickpea (Gram)
22.0,42.0,29.5,21.6,56.0,7.44,46.5,Chickpea (Gram)
24.4,45.6,34.1,22.1,52.5,6.14,71.7,Chickpea (Gram)
18.9,48.8,31.8,17.6,46.0,6.05,60.8,Chickpea (Gram)
22.3,70.8,25.0,18.5,51.6,7.0,42.9,Chickpea (Gram)
28.1,46.4,23.1,15.7,41.7,6.69,45.5,Chickpea (Gram)
21.8,60.3,36.1,20.4,44.2,6.67,41.0,Chickpea (Gram)
21.7,48.1,26.7,20.2,51.2,6.98,55.4,Chickpea (Gram)
20.4,60.4,25.1,16.2,57.3,6.57,54.8,Chickpea (Gram)
13.0,61.2,33.4,16.6,46.1,7.57,38.9,Chickpea (Gram)
20.8,38.3,28.2,20.8,59.3,6.34,27.2,Chickpea (Gram)
27.3,58.8,22.1,25.0,55.2,7.34,48.9,Chickpea (Gram)
12.4,51.6,35.3,18.6,52.7,6.83,10.0,Chickpea (Gram)
33.4,46.9,32.5,21.2,62.5,7.06,46.5,Chickpea (Gram)
20.5,57.5,20.6,23.6,48.4,7.4,52.4,Chickpea (Gram)
28.2,53.0,21.2,18.7,59.0,6.97,67.7,Chickpea (Gram)
27.0,46.5,26.0,21.8,41.1,7.57,56.6,Chickpea (Gram)
31.1,42.6,36.2,28.8,47.1,7.21,50.0,Chickpea (Gram)
17.3,55.6,34.2,19.5,62.0,6.23,27.6,Chickpea (Gram)
25.7,52.7,26.4,24.1,58.2,7.24,48.2,Chickpea (Gram)
28.0,49.7,40.3,18.9,67.6,6.91,29.4,Chickpea (Gram)
31.8,53.3,34.3,25.5,57.0,6.66,64.6,Chickpea (Gram)
25.0,56.8,19.2,23.0,51.2,7.56,59.3,Chickpea (Gram)
26.2,55.5,25.0,26.8,66.9,7.06,73.9,Chickpea (Gram)
22.2,47.5,30.2,22.9,52.6,7.12,54.6,Chickpea (Gram)
20.0,55.7,34.3,22.1,61.9,6.41,57.0,Chickpea (Gram)
19.1,45.5,26.8,18.4,51.7,6.81,62.6,Chickpea (Gram)
23.4,42.6,35.7,18.8,54.6,7.08,53.0,Chickpea (Gram)
30.5,55.5,25.7,28.6,56.2,6.84,64.5,Chickpea (Gram)
26.2,55.0,42.5,20.6,53.1,6.95,66.1,Chickpea (Gram)
17.5,40.2,27.1,16.2,52.5,7.1,36.6,Chickpea (Gram)
17.9,52.9,34.3,16.0,59.9,7.23,64.3,Chickpea (Gram)
31.1,66.3,28.2,21.9,52.5,6.9,73.0,Chickpea (Gram)
18.3,47.1,36.9,24.8,52.8,7.24,55.1,Chickpea (Gram)
32.5,53.0,35.1,30.1,58.6,6.92,60.8,Chickpea (Gram)
23.2,67.4,30.9,20.6,50.0,7.34,63.0,Chickpea (Gram)
22.5,56.1,22.5,22.1,57.7,7.58,38.4,Chickpea (Gram)
18.6,46.9,23.3,25.8,64.3,7.03,68.3,Chickpea (Gram)
25.7,51.9,28.3,20.5,45.7,7.01,49.4,Chickpea (Gram)
28.7,53.1,29.2,18.7,55.4,7.2,32.8,Chickpea (Gram)
25.4,54.0,26.4,19.6,56.4,6.45,55.2,Chickpea (Gram)
20.5,59.1,41.7,18.7,58.2,6.61,65.6,Chickpea (Gram)
18.7,55.5,25.6,20.8,48.8,7.23,37.4,Chickpea (Gram)
27.8,50.3,29.4,22.0,50.4,6.98,73.0,Chickpea (Gram)
21.1,59.8,37.5,18.8,46.3,7.02,41.8,Chickpea (Gram)
34.3,52.7,26.0,17.8,61.5,6.67,50.7,Chickpea (Gram)
29.8,49.5,29.8,21.4,59.1,7.14,46.7,Chickpea (Gram)
25.3,50.2,22.6,22.3,66.4,6.55,38.4,Chickpea (Gram)
20.6,57.0,32.2,21.0,49.5,6.94,26.5,Chickpea (Gram)
25.7,57.9,23.7,16.5,64.5,6.66,67.0,Chickpea (Gram)
24.2,51.5,32.2,18.6,55.8,6.75,30.2,Chickpea (Gram)
26.7,50.9,29.2,17.6,64.5,7.25,64.5,Chickpea (Gram)
23.5,41.7,39.8,21.3,50.5,7.07,67.5,Chickpea (Gram)
24.9,60.5,35.4,18.0,51.0,7.28,10.0,Chickpea (Gram)
24.3,43.6,27.6,20.5,52.9,6.68,33.5,Chickpea (Gram)
36.5,64.2,24.2,26.6,52.6,6.95,49.1,Chickpea (Gram)
21.7,58.6,30.6,20.0,47.2,6.54,25.4,Chickpea (Gram)
25.1,45.0,28.7,26.0,62.2,6.89,48.7,Chickpea (Gram)
34.4,55.8,28.4,16.9,57.4,7.23,40.5,Chickpea (Gram)
26.5,50.2,29.1,13.4,53.7,7.29,40.5,Chickpea (Gram)
25.3,47.8,31.8,20.8,49.4,7.43,63.9,Chickpea (Gram)
22.0,55.6,32.7,23.6,44.8,7.3,41.5,Chickpea (Gram)
23.2,69.0,31.5,20.2,41.8,7.46,29.8,Chickpea (Gram)
20.0,50.4,37.1,24.0,54.1,7.02,41.0,Chickpea (Gram)
25.7,53.0,34.8,24.6,58.0,6.76,61.1,Chickpea (Gram)
24.5,45.7,28.0,21.8,60.5,6.83,31.9,Chickpea (Gram)
25.3,53.2,30.9,24.5,61.1,6.66,40.8,Chickpea (Gram)
19.8,56.9,37.2,20.5,53.6,7.49,57.6,Chickpea (Gram)
27.2,45.1,33.4,18.5,48.2,6.76,41.2,Chickpea (Gram)
28.9,42.8,44.8,29.8,50.8,6.89,62.8,Groundnut (Peanut)
34.3,49.7,40.1,26.5,69.8,6.0,84.1,Groundnut (Peanut)
35.5,53.6,51.6,25.7,68.2,6.46,93.5,Groundnut (Peanut)
30.0,48.1,46.5,25.8,54.0,6.29,84.3,Groundnut (Peanut)
37.0,50.6,46.6,23.6,59.8,6.38,73.3,Groundnut (Peanut)
30.4,53.5,37.8,27.3,62.2,6.13,73.3,Groundnut (Peanut)
29.3,49.2,40.2,27.2,59.9,7.01,57.5,Groundnut (Peanut)
26.4,63.9,34.8,23.6,66.9,5.67,71.5,Groundnut (Peanut)
40.7,42.3,30.1,23.3,67.9,6.95,67.3,Groundnut (Peanut)
33.4,57.0,48.9,26.4,48.7,6.17,68.6,Groundnut (Peanut)
28.7,49.1,45.6,30.2,61.5,6.94,80.4,Groundnut (Peanut)
30.3,54.5,40.4,32.1,53.9,6.29,73.1,Groundnut (Peanut)
32.2,56.3,39.9,23.4,67.6,6.8,45.9,Groundnut (Peanut)
30.0,42.0,36.7,24.7,67.4,6.55,55.7,Groundnut (Peanut)
34.4,42.8,41.7,25.0,60.3,6.7,82.8,Groundnut (Peanut)
36.7,49.6,41.5,25.9,63.6,6.68,73.5,Groundnut (Peanut)
21.0,51.7,41.8,25.3,54.8,7.09,82.4,Groundnut (Peanut)
28.9,44.3,35.9,30.3,63.3,6.28,82.6,Groundnut (Peanut)
25.9,57.5,46.8,25.8,58.7,5.45,52.8,Groundnut (Peanut)
23.3,50.7,38.4,23.6,60.8,6.7,82.9,Groundnut (Peanut)
20.5,49.4,33.1,29.3,67.2,6.14,63.5,Groundnut (Peanut)
27.7,38.7,41.7,26.3,68.3,6.06,65.7,Groundnut (Peanut)
22.5,45.0,34.1,29.5,58.3,6.55,69.3,Groundnut (Peanut)
23.7,49.2,43.0,24.0,67.4,6.16,67.8,Groundnut (Peanut)
32.7,46.7,40.2,26.2,63.3,5.55,47.6,Groundnut (Peanut)
33.1,55.2,35.4,26.4,64.3,6.78,44.6,Groundnut (Peanut)
25.6,48.3,43.5,33.2,61.1,5.94,81.0,Groundnut (Peanut)
36.6,50.5,35.5,29.4,66.5,6.09,80.7,Groundnut (Peanut)
35.0,55.9,39.7,26.1,69.9,6.02,81.6,Groundnut (Peanut)
23.1,55.3,38.7,30.2,65.4,6.01,96.4,Groundnut (Peanut)
37.8,54.4,36.2,26.2,63.4,6.22,100.4,Groundnut (Peanut)
30.7,36.5,41.7,26.1,62.1,6.35,87.1,Groundnut (Peanut)
35.6,51.4,38.3,26.9,62.6,6.18,83.7,Groundnut (Peanut)
32.3,57.7,46.3,25.3,67.4,6.12,85.4,Groundnut (Peanut)
27.4,44.9,41.4,20.3,52.0,6.43,76.2,Groundnut (Peanut)
28.2,42.1,35.9,28.0,66.0,6.49,92.4,Groundnut (Peanut)
32.0,46.3,38.6,23.5,61.9,6.94,85.3,Groundnut (Peanut)
37.0,48.5,46.7,26.5,71.3,6.49,85.6,Groundnut (Peanut)
37.4,49.0,41.1,30.2,61.7,5.97,107.1,Groundnut (Peanut)
27.7,50.8,45.8,25.5,56.5,6.6,48.1,Groundnut (Peanut)
28.6,51.2,38.7,23.1,72.1,6.54,96.5,Groundnut (Peanut)
28.7,45.6,41.3,26.5,55.4,7.09,65.7,Groundnut (Peanut)
20.8,56.6,37.5,25.5,51.9,7.2,55.7,Groundnut (Peanut)
30.3,54.6,42.1,26.9,52.3,6.18,77.8,Groundnut (Peanut)
26.1,51.0,43.4,29.4,55.1,7.38,86.5,Groundnut (Peanut)
30.0,55.4,51.8,23.4,61.1,5.55,77.9,Groundnut (Peanut)
31.8,49.8,36.7,21.9,64.7,7.08,66.1,Groundnut (Peanut)
32.2,42.2,42.3,26.0,57.9,6.2,69.1,Groundnut (Peanut)
31.9,43.4,38.0,26.9,55.9,7.22,62.2,Groundnut (Peanut)
26.7,45.1,49.0,28.4,56.9,6.94,78.0,Groundnut (Peanut)
31.3,48.3,36.3,27.8,59.2,7.23,56.0,Groundnut (Peanut)
37.7,49.4,41.5,29.1,58.7,6.85,34.4,Groundnut (Peanut)
26.4,45.4,33.7,26.5,64.8,6.78,78.6,Groundnut (Peanut)
26.7,51.8,40.6,29.3,67.2,6.51,61.5,Groundnut (Peanut)
26.7,47.3,38.4,27.7,66.8,6.48,75.2,Groundnut (Peanut)
30.7,47.4,35.4,22.6,58.3,6.69,64.5,Groundnut (Peanut)
28.8,52.3,42.6,24.3,68.5,6.95,58.1,Groundnut (Peanut)
25.9,56.0,39.3,21.5,54.1,6.4,57.6,Groundnut (Peanut)
27.9,50.2,47.3,26.3,68.9,7.07,96.5,Groundnut (Peanut)
31.4,40.2,42.3,29.6,62.0,7.2,87.9,Groundnut (Peanut)
32.8,55.4,41.7,20.8,59.5,6.98,62.9,Groundnut (Peanut)
28.9,44.8,48.9,31.2,57.2,6.56,64.8,Groundnut (Peanut)
33.1,52.5,44.1,27.8,80.1,6.09,49.3,Groundnut (Peanut)
28.0,42.2,32.5,24.5,57.0,6.12,82.8,Groundnut (Peanut)
27.5,49.1,44.5,25.1,60.9,6.65,45.9,Groundnut (Peanut)
18.1,51.7,42.5,32.2,63.4,6.83,72.1,Groundnut (Peanut)
31.5,58.3,29.4,28.0,75.3,6.61,99.8,Groundnut (Peanut)
26.9,49.8,40.2,21.5,55.5,6.06,87.3,Groundnut (Peanut)
34.4,51.6,44.1,26.6,69.7,6.5,75.9,Groundnut (Peanut)
28.7,53.4,37.9,29.4,55.7,6.06,85.3,Groundnut (Peanut)
29.6,47.7,44.5,25.5,61.3,7.06,98.1,Groundnut (Peanut)
37.9,48.6,46.2,24.6,57.1,5.56,100.1,Groundnut (Peanut)
25.7,49.4,35.4,28.7,60.2,5.98,81.6,Groundnut (Peanut)
22.8,45.8,29.5,23.4,63.6,5.71,52.8,Groundnut (Peanut)
30.0,47.3,50.0,31.6,57.3,6.72,86.2,Groundnut (Peanut)
27.0,42.5,39.9,26.6,59.9,6.68,63.7,Groundnut (Peanut)
24.2,50.5,41.9,24.1,68.1,5.79,66.3,Groundnut (Peanut)
28.7,46.8,37.2,31.7,57.4,7.48,81.6,Groundnut (Peanut)
30.5,52.4,52.6,24.5,55.8,6.2,75.5,Groundnut (Peanut)
21.4,50.1,48.5,27.4,60.7,6.25,88.5,Groundnut (Peanut)
25.9,59.2,49.7,27.6,62.4,6.91,91.4,Groundnut (Peanut)
26.0,47.4,33.4,28.0,66.5,5.96,68.2,Groundnut (Peanut)
23.3,45.5,42.8,25.2,60.7,5.85,77.8,Groundnut (Peanut)
29.8,46.4,39.1,27.5,57.6,5.91,102.1,Groundnut (Peanut)
26.8,49.5,45.1,35.8,55.0,6.68,64.4,Groundnut (Peanut)
27.3,46.4,34.4,26.9,53.7,6.88,75.8,Groundnut (Peanut)
32.1,47.7,38.2,27.7,55.5,6.36,62.1,Groundnut (Peanut)
25.5,39.5,46.7,25.3,69.5,6.93,55.7,Groundnut (Peanut)
24.6,62.8,48.8,26.9,64.0,6.25,81.5,Groundnut (Peanut)
26.4,39.8,33.4,27.1,55.7,6.47,58.9,Groundnut (Peanut)
26.1,54.3,41.2,27.0,67.8,6.69,96.7,Groundnut (Peanut)
27.7,47.9,33.5,25.9,68.3,7.02,89.4,Groundnut (Peanut)
21.0,55.4,30.8,29.2,60.3,6.78,55.0,Groundnut (Peanut)
35.9,42.7,36.7,24.5,52.0,6.54,102.1,Groundnut (Peanut)
43.3,50.5,45.6,27.6,65.5,6.36,77.9,Groundnut (Peanut)
32.7,47.1,39.6,26.9,67.5,6.07,74.2,Groundnut (Peanut)
39.6,55.8,46.7,27.1,64.4,6.9,98.4,Groundnut (Peanut)
20.2,43.4,46.5,26.3,58.5,6.0,66.7,Groundnut (Peanut)
23.0,60.5,39.9,26.9,66.0,6.88,89.2,Groundnut (Peanut)
35.4,46.8,38.5,28.9,59.3,6.5,81.0,Groundnut (Peanut)
33.9,41.1,43.6,26.4,66.7,6.81,99.1,Groundnut (Peanut)
36.8,56.7,47.2,27.7,62.7,6.85,86.0,Groundnut (Peanut)
28.5,52.0,39.8,24.9,70.2,6.52,105.7,Groundnut (Peanut)
21.9,47.2,40.2,29.8,64.9,6.62,58.1,Groundnut (Peanut)
24.2,51.6,33.2,25.7,65.5,6.11,99.1,Groundnut (Peanut)
36.1,42.1,35.3,21.3,57.8,6.81,68.8,Groundnut (Peanut)
32.3,42.4,44.0,25.6,62.6,6.46,55.9,Groundnut (Peanut)
24.2,54.8,42.0,29.6,64.4,6.56,49.1,Groundnut (Peanut)
28.6,49.9,49.8,28.7,71.7,6.74,64.3,Groundnut (Peanut)
30.6,51.2,35.3,26.0,61.3,7.14,43.8,Groundnut (Peanut)
36.0,45.3,33.1,29.9,66.9,7.0,87.0,Groundnut (Peanut)
40.3,52.8,39.2,27.9,70.0,6.19,65.2,Groundnut (Peanut)
28.5,39.5,40.7,22.3,62.8,6.85,67.8,Groundnut (Peanut)
38.4,42.7,46.0,28.7,52.2,7.58,74.0,Groundnut (Peanut)
25.6,43.0,38.9,26.7,63.1,6.38,84.5,Groundnut (Peanut)
28.1,40.3,39.3,21.1,64.6,6.11,77.5,Groundnut (Peanut)
36.6,45.3,45.3,25.9,73.0,6.35,62.4,Groundnut (Peanut)
33.4,47.8,35.8,25.8,62.2,7.04,46.0,Groundnut (Peanut)
30.1,53.1,41.0,30.3,62.1,6.43,83.9,Groundnut (Peanut)
30.5,48.0,42.6,25.4,58.8,6.29,95.3,Groundnut (Peanut)
13.9,52.0,40.2,22.8,64.4,6.69,83.8,Groundnut (Peanut)
16.7,56.8,36.3,28.7,66.9,6.15,84.9,Groundnut (Peanut)
28.1,39.6,45.8,25.1,57.4,6.34,79.1,Groundnut (Peanut)
29.7,52.7,33.3,25.1,61.8,7.26,73.3,Groundnut (Peanut)
35.4,50.2,37.6,26.4,61.5,6.74,95.6,Groundnut (Peanut)
31.8,55.9,35.2,26.0,58.2,6.63,69.6,Groundnut (Peanut)
33.6,45.3,40.2,28.7,50.1,7.35,70.8,Groundnut (Peanut)
19.9,50.8,40.2,26.8,68.4,6.8,79.5,Groundnut (Peanut)
32.3,49.5,48.9,23.3,63.3,6.53,87.2,Groundnut (Peanut)
25.8,41.3,40.8,27.7,71.4,5.99,92.3,Groundnut (Peanut)
41.8,48.1,33.5,26.0,62.6,6.73,66.1,Groundnut (Peanut)
37.8,44.4,31.3,29.8,48.9,6.42,121.8,Groundnut (Peanut)
29.9,44.4,39.7,26.9,63.5,6.76,59.4,Groundnut (Peanut)
38.4,51.2,43.6,25.4,70.2,6.4,79.2,Groundnut (Peanut)
25.3,45.0,43.4,25.9,57.4,6.24,85.5,Groundnut (Peanut)
26.9,49.4,40.1,22.2,53.7,6.63,63.9,Groundnut (Peanut)
35.3,54.8,43.6,31.5,62.0,6.76,66.2,Groundnut (Peanut)
42.3,59.9,40.1,28.0,70.7,6.44,65.2,Groundnut (Peanut)
34.4,50.4,40.9,24.9,52.2,6.59,88.6,Groundnut (Peanut)
28.9,57.2,36.5,24.4,62.1,6.47,86.5,Groundnut (Peanut)
26.1,56.8,49.8,26.9,70.0,6.08,91.1,Groundnut (Peanut)
35.2,54.3,39.9,19.6,58.6,6.25,60.3,Groundnut (Peanut)
30.6,47.9,35.9,24.4,58.2,6.95,65.1,Groundnut (Peanut)
27.4,47.7,41.7,28.1,44.2,6.91,96.5,Groundnut (Peanut)
24.7,45.1,37.7,25.1,63.8,5.72,58.2,Groundnut (Peanut)
37.7,45.4,46.2,27.9,51.6,6.75,73.2,Groundnut (Peanut)
27.7,51.2,42.4,28.8,69.6,6.66,54.4,Groundnut (Peanut)
27.6,64.7,43.6,32.9,70.9,6.6,79.5,Groundnut (Peanut)
29.8,41.3,40.1,30.0,58.9,6.66,87.8,Groundnut (Peanut)
25.5,47.7,34.9,24.9,54.8,6.14,96.3,Groundnut (Peanut)
25.4,50.6,37.5,29.9,70.4,6.85,79.6,Groundnut (Peanut)
28.8,44.0,49.7,25.1,66.5,6.92,66.7,Groundnut (Peanut)
35.2,53.8,48.6,25.8,54.8,6.3,78.1,Groundnut (Peanut)
30.3,48.0,30.5,28.2,74.3,6.69,84.1,Groundnut (Peanut)
32.9,52.0,44.7,28.0,60.6,6.18,71.3,Groundnut (Peanut)
31.6,48.4,41.6,28.1,67.5,7.01,76.2,Groundnut (Peanut)
23.5,48.3,40.2,22.4,70.8,6.56,80.7,Groundnut (Peanut)
36.8,46.8,42.9,26.7,61.4,6.19,100.0,Groundnut (Peanut)
28.1,53.5,30.6,29.9,68.8,6.54,71.6,Groundnut (Peanut)
32.0,61.4,31.2,29.0,57.0,6.49,71.3,Groundnut (Peanut)
27.9,49.9,34.3,29.6,51.7,6.72,70.1,Groundnut (Peanut)
24.1,51.0,32.2,27.1,54.0,6.68,61.1,Groundnut (Peanut)
27.7,51.5,36.1,26.9,53.4,6.75,101.5,Groundnut (Peanut)
44.0,50.5,43.9,22.5,71.5,6.81,67.7,Groundnut (Peanut)
36.2,48.7,37.7,28.2,56.1,6.91,59.2,Groundnut (Peanut)
24.7,45.5,43.8,25.5,54.4,6.26,74.5,Groundnut (Peanut)
24.1,44.2,50.6,24.8,60.6,6.35,68.7,Groundnut (Peanut)
33.1,54.7,38.5,23.9,70.1,6.46,101.0,Groundnut (Peanut)
18.8,51.0,49.6,26.1,61.1,6.62,66.6,Groundnut (Peanut)
28.4,48.3,36.9,30.1,65.3,6.6,87.1,Groundnut (Peanut)
28.7,46.1,37.0,27.0,56.1,6.3,67.3,Groundnut (Peanut)
40.6,36.1,39.1,31.3,63.2,6.8,76.5,Groundnut (Peanut)
26.7,38.8,41.0,25.1,57.7,6.3,101.2,Groundnut (Peanut)
42.0,51.1,37.7,24.1,65.3,7.21,71.3,Groundnut (Peanut)
18.1,53.4,44.9,23.0,63.6,6.68,73.9,Groundnut (Peanut)
26.0,55.1,38.0,23.3,50.2,7.0,84.2,Groundnut (Peanut)
30.4,47.8,37.4,24.3,59.9,5.65,64.0,Groundnut (Peanut)
28.4,53.0,39.8,29.0,70.6,6.92,82.1,Groundnut (Peanut)
30.1,45.1,43.7,31.2,64.6,7.27,52.1,Groundnut (Peanut)
24.2,54.3,41.3,30.3,62.4,6.15,71.8,Groundnut (Peanut)
127.0,56.5,89.7,34.1,74.7,6.31,194.6,Sugarcane
131.6,73.8,74.2,27.2,72.7,6.74,222.3,Sugarcane
139.0,54.5,58.5,30.9,69.1,6.43,217.8,Sugarcane
160.0,64.8,93.6,33.3,67.6,6.58,212.3,Sugarcane
155.9,66.3,71.5,33.1,68.0,6.96,221.7,Sugarcane
140.1,53.2,69.5,34.5,74.0,6.95,192.4,Sugarcane
157.3,58.6,83.1,28.4,67.1,6.75,194.4,Sugarcane
149.3,66.8,43.1,28.2,70.2,7.6,183.8,Sugarcane
152.4,76.2,66.9,32.4,67.7,6.8,188.0,Sugarcane
139.0,85.4,88.4,34.9,75.5,6.36,205.9,Sugarcane
166.1,58.6,89.7,33.5,83.6,6.83,183.5,Sugarcane
144.6,75.8,61.7,23.8,73.0,6.82,200.1,Sugarcane
164.2,60.9,61.3,38.2,66.5,6.58,216.6,Sugarcane
144.2,64.5,84.8,34.8,70.5,7.61,168.0,Sugarcane
161.4,58.7,93.7,31.5,68.5,7.27,213.4,Sugarcane
159.6,57.3,75.2,31.0,72.3,7.3,169.8,Sugarcane
155.0,62.8,71.6,28.4,71.2,5.56,189.5,Sugarcane
136.9,69.0,71.9,30.2,81.8,7.4,213.5,Sugarcane
142.5,69.1,77.7,30.3,75.0,6.76,222.4,Sugarcane
147.6,69.6,94.6,34.6,64.0,7.18,212.8,Sugarcane
163.4,56.7,73.4,34.5,67.9,6.88,223.6,Sugarcane
149.3,59.5,71.2,32.2,64.5,6.9,205.0,Sugarcane
169.5,70.0,72.9,35.1,70.7,6.51,197.4,Sugarcane
171.6,66.2,80.1,36.7,63.9,6.49,175.8,Sugarcane
155.6,66.2,95.4,31.9,70.1,7.0,201.8,Sugarcane
124.9,85.3,85.2,31.7,76.2,7.28,197.9,Sugarcane
140.5,69.5,83.9,28.2,81.0,7.12,210.9,Sugarcane
170.9,65.2,83.2,33.8,68.2,7.02,201.9,Sugarcane
135.7,82.4,65.9,26.5,80.4,7.29,184.6,Sugarcane
159.1,76.0,79.7,40.1,62.2,7.28,217.5,Sugarcane
163.4,63.5,77.1,32.6,77.4,7.24,215.6,Sugarcane
134.7,63.3,70.6,29.6,78.6,7.04,239.1,Sugarcane
152.9,65.4,81.1,28.8,72.2,7.45,201.7,Sugarcane
138.1,58.1,75.5,31.3,79.7,6.46,195.2,Sugarcane
152.2,51.2,71.7,28.6,67.7,7.08,197.6,Sugarcane
141.7,68.2,97.2,36.7,61.0,7.23,197.3,Sugarcane
152.3,62.0,81.2,31.5,69.0,6.64,193.3,Sugarcane
153.5,69.5,88.5,29.3,74.2,7.39,217.5,Sugarcane
149.1,63.3,81.9,27.0,71.3,7.3,209.6,Sugarcane
145.9,66.6,71.8,33.5,72.0,6.89,194.6,Sugarcane
149.1,61.6,86.6,29.6,82.1,7.59,186.6,Sugarcane
151.0,60.1,76.7,38.0,70.7,7.14,208.1,Sugarcane
135.0,58.6,67.9,27.9,55.4,7.22,230.8,Sugarcane
152.2,54.4,73.6,29.4,66.4,7.34,212.2,Sugarcane
132.7,70.4,95.3,37.7,89.7,6.64,242.4,Sugarcane
144.7,60.6,83.3,29.0,74.9,6.47,196.4,Sugarcane
169.3,64.6,81.4,32.7,79.5,6.34,208.8,Sugarcane
146.0,66.2,90.6,26.8,66.4,6.23,191.8,Sugarcane
170.0,64.1,66.6,29.3,63.6,6.55,205.8,Sugarcane
132.4,73.3,79.3,31.3,70.8,7.31,211.7,Sugarcane
155.0,69.2,77.9,32.9,70.5,7.0,195.9,Sugarcane
143.1,59.8,84.7,35.6,79.5,6.5,219.3,Sugarcane
145.2,69.5,70.9,31.5,74.4,6.41,209.1,Sugarcane
170.2,63.7,93.6,30.3,77.6,6.11,236.3,Sugarcane
172.4,62.9,60.3,32.0,63.8,7.18,206.2,Sugarcane
135.9,73.4,88.1,34.4,72.6,6.43,214.7,Sugarcane
145.9,54.6,93.5,38.3,72.3,7.86,201.4,Sugarcane
144.3,60.3,96.4,28.3,76.9,6.78,193.1,Sugarcane
165.5,62.1,76.0,35.0,82.1,7.26,190.2,Sugarcane
142.3,65.6,83.2,27.5,76.8,7.03,174.3,Sugarcane
136.1,61.2,79.3,37.6,73.9,6.66,203.3,Sugarcane
144.7,67.4,85.8,35.2,72.4,7.66,213.6,Sugarcane
139.4,81.6,83.3,28.1,82.4,7.83,199.5,Sugarcane
142.4,63.7,87.1,35.5,75.9,7.04,222.5,Sugarcane
145.3,72.7,77.1,32.5,71.8,6.98,194.3,Sugarcane
170.2,59.5,72.6,38.4,78.4,6.05,191.5,Sugarcane
122.8,57.9,48.6,30.5,65.6,7.02,175.6,Sugarcane
151.2,61.9,95.0,35.9,77.2,6.87,229.8,Sugarcane
126.7,54.5,79.2,38.9,71.3,6.93,178.4,Sugarcane
164.2,72.1,87.9,28.8,68.3,6.48,201.3,Sugarcane
133.8,56.2,75.8,29.3,69.3,7.19,201.2,Sugarcane
145.7,66.4,70.1,31.4,73.4,6.4,214.9,Sugarcane
136.8,65.7,91.6,34.2,72.7,6.86,214.2,Sugarcane
160.1,60.4,72.1,23.7,73.4,6.97,217.0,Sugarcane
155.4,75.0,73.0,35.0,69.3,7.31,178.1,Sugarcane
153.5,50.1,77.3,32.5,69.4,6.58,212.7,Sugarcane
148.4,61.3,80.4,40.2,79.4,7.47,206.5,Sugarcane
152.5,47.0,73.2,29.3,61.3,6.54,170.3,Sugarcane
149.4,71.1,91.1,32.5,66.7,6.23,173.6,Sugarcane
131.0,58.3,78.4,27.5,74.5,6.91,200.2,Sugarcane
167.1,56.1,84.2,31.0,70.5,7.35,213.2,Sugarcane
135.8,63.6,82.8,30.0,76.0,7.11,227.5,Sugarcane
127.0,64.1,70.9,33.1,62.8,7.14,190.5,Sugarcane
139.0,54.2,75.3,34.8,72.3,7.25,225.0,Sugarcane
154.0,60.8,84.7,29.1,69.5,6.39,213.9,Sugarcane
144.2,66.4,69.6,32.5,67.9,6.94,213.2,Sugarcane
161.9,64.8,62.3,41.5,83.0,7.29,188.7,Sugarcane
148.3,60.9,92.6,31.9,67.8,6.81,216.8,Sugarcane
174.0,76.5,87.6,30.1,53.1,7.12,200.0,Sugarcane
152.1,65.4,66.7,33.0,76.3,7.27,214.2,Sugarcane
159.1,61.9,79.3,31.3,73.1,7.4,209.7,Sugarcane
181.2,81.5,80.8,17.6,79.9,6.78,188.0,Sugarcane
144.0,61.7,86.1,25.5,66.0,7.14,209.3,Sugarcane
159.6,59.1,70.2,29.2,73.9,7.59,169.3,Sugarcane
146.7,55.0,63.5,34.4,75.8,7.18,213.8,Sugarcane
142.8,61.8,101.9,30.1,76.9,7.0,172.3,Sugarcane
119.3,60.7,90.6,33.8,78.0,6.61,224.2,Sugarcane
135.5,66.6,79.9,30.4,80.5,6.72,179.8,Sugarcane
150.3,62.0,113.8,33.4,70.0,6.58,171.8,Sugarcane
134.6,65.9,94.3,34.9,73.9,6.87,204.0,Sugarcane
142.2,77.9,78.1,30.7,59.2,6.92,212.5,Sugarcane
134.0,59.4,87.9,25.8,78.8,6.79,194.2,Sugarcane
133.1,67.8,104.6,33.7,67.3,7.45,195.2,Sugarcane
170.6,71.1,50.6,27.5,78.2,7.06,184.6,Sugarcane
140.5,50.7,79.1,38.7,77.3,7.88,213.2,Sugarcane
165.4,79.8,83.8,30.3,78.7,7.58,192.8,Sugarcane
139.2,66.0,88.3,33.8,64.0,7.76,190.4,Sugarcane
146.0,58.2,107.0,31.8,67.4,7.35,211.5,Sugarcane
147.2,71.3,71.7,29.3,60.4,6.47,227.1,Sugarcane
174.6,65.5,96.6,30.4,71.0,7.02,198.1,Sugarcane
146.8,73.6,81.5,33.5,78.7,7.16,185.4,Sugarcane
129.7,66.1,78.3,31.3,72.4,8.03,180.0,Sugarcane
120.2,67.5,76.2,32.1,76.0,7.51,177.4,Sugarcane
141.6,68.2,87.7,38.7,78.2,6.98,186.6,Sugarcane
141.5,60.6,86.6,31.9,64.6,6.83,213.2,Sugarcane
155.3,69.3,83.8,36.7,73.9,6.85,186.3,Sugarcane
153.7,46.7,78.2,30.3,64.3,6.63,212.1,Sugarcane
153.5,65.8,83.1,31.3,80.0,7.05,178.1,Sugarcane
174.5,67.8,74.1,26.6,74.9,6.95,223.6,Sugarcane
144.8,58.7,89.0,34.2,73.5,7.27,199.4,Sugarcane
153.5,73.7,86.3,30.4,80.6,6.05,230.8,Sugarcane
124.4,60.3,79.6,30.5,78.5,6.58,203.9,Sugarcane
141.3,67.2,79.4,31.3,69.2,6.8,204.3,Sugarcane
164.2,60.5,71.3,33.1,72.3,7.33,186.4,Sugarcane
123.3,61.0,72.3,30.7,68.7,7.3,195.7,Sugarcane
152.3,66.2,81.9,30.9,75.6,6.68,221.0,Sugarcane
146.5,55.2,81.9,28.0,76.5,7.88,188.2,Sugarcane
155.0,51.8,84.5,27.9,68.8,6.56,211.0,Sugarcane
165.1,65.2,71.4,36.6,68.0,6.14,206.9,Sugarcane
133.4,72.4,76.2,33.1,80.9,6.52,191.5,Sugarcane
148.9,76.5,73.4,28.9,75.4,6.77,202.3,Sugarcane
126.7,81.6,66.5,29.9,72.3,7.77,180.1,Sugarcane
179.8,70.7,84.2,27.6,75.9,6.71,219.0,Sugarcane
135.4,64.2,74.4,27.5,76.9,7.21,218.1,Sugarcane
123.3,73.0,105.1,29.4,83.9,6.89,179.4,Sugarcane
145.4,72.9,71.6,28.9,76.1,7.0,208.8,Sugarcane
153.6,68.6,75.7,31.8,66.9,7.52,190.5,Sugarcane
166.9,63.2,82.0,29.3,66.4,6.3,184.2,Sugarcane
145.1,66.6,90.1,29.4,67.2,6.42,207.2,Sugarcane
170.7,74.5,87.1,33.2,82.7,7.13,209.7,Sugarcane
145.2,54.8,73.2,31.0,72.9,7.77,201.2,Sugarcane
167.7,61.7,76.9,26.3,68.0,7.21,200.1,Sugarcane
164.1,66.4,76.5,38.5,71.9,7.47,194.0,Sugarcane
160.6,72.0,82.1,22.8,72.6,7.49,207.9,Sugarcane
156.7,52.1,72.8,32.4,75.0,7.49,197.8,Sugarcane
156.1,65.1,70.1,23.1,75.1,7.07,190.7,Sugarcane
125.7,69.7,77.3,32.9,83.7,6.14,189.5,Sugarcane
146.9,75.9,63.6,37.8,73.3,6.96,197.0,Sugarcane
143.5,72.9,69.3,32.2,70.2,6.7,238.8,Sugarcane
156.3,69.6,91.4,26.0,83.0,6.0,188.5,Sugarcane
143.1,69.4,82.2,30.4,72.4,6.61,177.5,Sugarcane
160.9,70.2,95.8,28.2,76.7,6.89,217.9,Sugarcane
165.3,66.6,76.6,34.4,76.4,6.73,180.1,Sugarcane
145.7,76.4,91.5,27.1,65.5,7.51,183.0,Sugarcane
157.6,60.4,96.2,28.3,79.4,7.07,203.8,Sugarcane
120.4,48.5,77.8,31.9,65.7,6.56,208.4,Sugarcane
158.4,64.0,87.8,26.9,70.4,7.66,201.0,Sugarcane
151.9,82.3,66.0,33.8,82.5,6.87,212.9,Sugarcane
135.3,59.8,83.8,33.8,79.2,7.63,199.0,Sugarcane
167.9,62.4,89.0,31.7,75.2,7.17,175.9,Sugarcane
133.1,65.8,63.1,33.9,77.7,7.13,183.2,Sugarcane
170.7,80.3,81.5,32.8,73.7,7.21,198.2,Sugarcane
149.5,71.8,103.5,26.1,71.9,6.53,223.9,Sugarcane
141.2,54.2,86.4,37.1,76.5,7.08,206.1,Sugarcane
171.2,58.4,78.9,29.4,65.5,6.87,216.6,Sugarcane
158.5,69.8,81.5,32.8,67.7,6.88,202.9,Sugarcane
154.2,67.4,78.6,29.7,91.4,7.36,206.2,Sugarcane
146.5,61.6,78.7,32.0,61.2,6.37,190.4,Sugarcane
153.1,63.2,94.8,25.8,68.0,7.61,202.0,Sugarcane
163.3,80.4,73.1,30.7,70.9,6.22,195.3,Sugarcane
163.2,69.1,86.2,29.7,68.6,7.51,192.5,Sugarcane
154.4,66.2,94.6,34.4,64.7,6.52,208.7,Sugarcane
149.0,61.6,90.2,31.7,72.8,7.31,194.4,Sugarcane
173.5,59.1,86.6,36.0,64.2,6.86,217.1,Sugarcane
167.4,63.7,72.7,34.3,79.6,6.53,181.9,Sugarcane
153.4,69.7,77.0,33.4,68.2,6.15,193.6,Sugarcane
150.9,62.9,68.4,24.6,69.4,7.36,218.8,Sugarcane
167.8,58.9,68.5,32.7,76.3,7.16,169.8,Sugarcane
137.0,64.8,84.9,33.7,73.4,7.13,201.3,Sugarcane
160.3,67.3,80.7,30.1,73.0,7.19,204.0,Sugarcane
87.9,70.9,74.2,22.1,72.8,6.05,48.8,Tomato
87.5,65.7,64.7,22.9,63.9,6.41,79.2,Tomato
90.3,62.4,69.1,20.0,76.0,6.84,54.4,Tomato
90.4,62.1,70.7,25.3,63.1,6.46,66.8,Tomato
81.3,66.7,84.2,21.7,57.5,5.8,62.7,Tomato
80.0,63.8,73.3,19.2,56.6,6.72,67.0,Tomato
81.8,52.1,75.4,27.8,69.2,6.26,65.7,Tomato
74.8,69.1,73.0,18.7,65.7,6.79,60.0,Tomato
82.9,54.8,76.0,22.1,54.6,6.45,79.7,Tomato
82.1,73.4,75.2,25.0,66.7,6.57,61.0,Tomato
82.7,65.8,66.7,20.8,60.8,7.42,73.0,Tomato
87.3,55.9,76.4,23.7,68.8,6.21,67.4,Tomato
81.8,57.7,77.1,19.4,70.9,6.87,51.8,Tomato
78.8,61.1,74.3,23.5,70.1,7.31,57.4,Tomato
72.1,67.7,83.0,25.2,61.0,6.55,48.2,Tomato
89.8,54.1,70.6,21.0,68.3,6.45,67.7,Tomato
85.2,56.3,76.4,23.9,61.6,7.5,72.1,Tomato
83.9,71.3,84.0,23.6,69.6,6.2,62.8,Tomato
83.5,63.7,74.6,25.7,68.9,6.12,50.9,Tomato
80.9,60.7,79.1,20.5,65.4,6.98,60.5,Tomato
88.5,61.6,74.1,23.3,71.5,5.98,59.6,Tomato
87.2,65.8,81.8,22.8,76.4,6.34,84.9,Tomato
91.1,56.8,74.4,23.8,71.3,6.51,60.4,Tomato
95.3,61.9,77.7,23.3,77.5,6.33,55.8,Tomato
96.4,59.7,82.5,26.7,66.6,5.87,64.7,Tomato
85.8,69.8,82.4,21.9,72.3,6.91,81.1,Tomato
88.7,50.4,71.5,20.5,66.3,6.99,69.6,Tomato
93.6,64.6,64.4,16.4,68.4,6.51,50.3,Tomato
72.2,57.9,71.3,26.0,68.6,7.24,49.5,Tomato
91.6,62.8,76.8,22.7,73.9,6.72,54.8,Tomato
84.9,61.0,75.6,20.5,67.3,6.76,65.5,Tomato
95.1,67.3,72.5,24.7,69.3,6.76,37.6,Tomato
82.7,53.2,80.5,23.8,66.3,6.96,71.3,Tomato
76.5,62.1,70.4,18.8,63.4,6.53,63.3,Tomato
73.9,69.7,71.9,24.1,69.9,6.28,71.8,Tomato
82.2,56.9,76.1,28.5,71.8,6.97,57.2,Tomato
73.0,71.8,85.3,28.6,65.5,6.14,49.0,Tomato
72.4,61.8,82.5,23.6,69.3,7.15,58.9,Tomato
100.3,75.0,71.7,22.3,71.7,6.46,47.7,Tomato
94.6,70.1,73.5,20.2,60.1,6.64,57.5,Tomato
82.4,68.9,77.1,28.1,61.6,6.46,76.4,Tomato
88.4,72.1,75.1,29.5,70.7,7.02,60.1,Tomato
85.1,68.2,82.6,26.2,67.0,7.15,32.1,Tomato
74.3,66.8,72.6,25.8,67.9,6.83,52.8,Tomato
89.3,68.7,80.1,30.0,69.0,6.71,42.2,Tomato
81.0,61.3,79.1,22.2,72.3,6.6,62.3,Tomato
86.9,60.1,69.8,18.9,66.0,6.41,57.3,Tomato
88.1,66.6,74.0,27.0,71.0,6.48,58.1,Tomato
87.3,66.1,81.2,27.6,64.3,6.56,75.1,Tomato
93.0,68.4,72.1,20.2,61.5,6.71,70.1,Tomato
76.8,62.8,76.4,20.5,74.1,6.45,83.9,Tomato
81.0,56.1,69.6,23.7,65.2,6.51,70.0,Tomato
83.7,62.1,61.8,25.2,67.0,7.24,50.9,Tomato
71.4,66.4,74.7,21.0,58.3,7.21,86.2,Tomato
66.3,59.6,82.9,22.6,64.6,6.49,48.2,Tomato
72.2,69.1,61.0,24.7,72.8,6.02,51.1,Tomato
94.1,65.8,68.6,27.6,74.7,6.71,51.5,Tomato
81.9,64.3,71.3,26.8,58.3,6.0,67.7,Tomato
81.3,58.6,61.4,24.1,67.2,6.86,66.0,Tomato
84.0,69.9,64.3,25.6,57.5,6.26,46.8,Tomato
90.9,62.1,72.4,20.7,65.7,6.29,70.8,Tomato
77.6,70.8,62.0,21.6,77.6,6.43,45.3,Tomato
86.6,59.5,67.3,20.7,84.1,6.5,36.1,Tomato
96.2,66.3,67.7,21.2,71.5,6.5,36.1,Tomato
98.4,59.8,81.8,27.8,61.5,7.01,55.2,Tomato
71.0,59.8,75.0,22.6,65.7,7.06,66.6,Tomato
78.7,66.9,73.7,16.4,70.1,6.76,65.3,Tomato
91.7,58.3,74.6,19.3,69.9,7.38,50.1,Tomato
79.3,58.1,73.3,20.8,70.0,6.94,73.0,Tomato
71.7,68.7,78.4,26.5,69.7,6.69,80.5,Tomato
99.4,56.5,79.2,23.7,66.7,5.99,60.7,Tomato
77.5,59.6,65.6,22.7,65.1,6.64,40.8,Tomato
74.2,64.8,67.5,27.2,68.9,6.84,86.2,Tomato
82.7,58.9,77.9,25.5,66.4,7.16,61.8,Tomato
85.2,62.6,66.7,24.2,75.9,6.78,65.5,Tomato
83.8,64.6,77.2,25.8,65.5,6.73,72.2,Tomato
77.4,63.6,59.0,25.4,71.5,6.9,59.1,Tomato
87.3,71.4,81.3,23.9,68.3,7.04,42.5,Tomato
82.6,70.8,78.6,25.1,58.5,6.58,56.2,Tomato
87.5,57.4,66.1,17.8,74.8,6.44,67.4,Tomato
85.0,55.8,64.6,21.0,63.2,6.75,53.1,Tomato
98.1,68.9,77.6,23.6,76.6,6.51,64.5,Tomato
86.3,66.9,76.5,22.6,64.3,6.86,75.7,Tomato
82.0,52.6,71.2,25.9,78.3,6.12,58.6,Tomato
82.1,71.0,72.3,21.3,70.9,6.44,46.6,Tomato
78.3,73.3,74.9,24.3,66.0,6.72,69.2,Tomato
87.2,63.2,77.9,24.1,61.6,6.36,35.3,Tomato
100.2,67.9,67.3,23.2,63.7,7.22,43.7,Tomato
85.9,61.8,77.7,23.7,57.0,6.5,50.4,Tomato
85.6,71.5,61.6,21.6,64.2,6.45,76.1,Tomato
83.7,65.1,68.6,24.7,72.2,6.31,76.7,Tomato
85.4,69.0,71.2,25.1,67.3,6.56,68.9,Tomato
89.0,54.7,81.5,18.4,63.4,6.56,71.2,Tomato
96.8,50.9,69.3,17.6,67.7,6.71,88.9,Tomato
85.9,69.0,76.1,22.7,59.0,6.71,42.6,Tomato
94.7,61.5,80.0,22.6,69.1,6.68,64.3,Tomato
81.8,65.0,66.7,20.4,75.0,6.89,66.0,Tomato
97.5,60.8,80.8,24.5,61.4,7.34,79.9,Tomato
84.1,67.0,70.0,26.5,53.2,6.19,79.7,Tomato
83.1,63.8,64.1,29.5,74.6,6.52,58.9,Tomato
92.7,74.9,78.5,30.5,62.0,6.27,47.2,Tomato
88.3,63.6,71.6,26.4,74.9,5.99,56.0,Tomato
91.2,59.6,67.5,27.1,59.8,6.48,69.9,Tomato
80.7,67.4,68.9,28.2,66.7,6.87,76.2,Tomato
80.3,49.7,74.8,24.2,70.8,6.51,58.5,Tomato
100.1,53.3,77.1,22.3,65.5,6.47,52.9,Tomato
89.3,71.2,75.4,24.3,61.6,6.81,97.3,Tomato
82.1,60.2,69.0,22.5,51.0,6.76,52.3,Tomato
72.9,67.2,65.7,23.0,76.3,6.04,42.0,Tomato
87.0,69.7,62.7,25.2,71.0,5.78,77.0,Tomato
91.6,60.6,80.3,27.4,68.1,6.42,50.4,Tomato
84.7,66.1,70.5,17.4,75.1,6.68,59.3,Tomato
91.4,72.0,55.0,25.3,58.9,6.8,66.9,Tomato
89.8,59.4,60.8,22.6,69.9,7.01,47.4,Tomato
92.7,58.5,74.8,22.5,68.6,6.96,46.6,Tomato
79.9,63.7,87.5,21.4,79.7,7.4,63.5,Tomato
82.8,58.2,72.1,19.8,67.0,7.2,55.8,Tomato
83.2,51.9,74.8,24.8,67.9,6.51,60.6,Tomato
88.8,62.3,74.5,24.6,74.2,6.87,67.9,Tomato
96.4,65.1,80.7,25.8,56.4,7.12,67.0,Tomato
84.6,64.3,70.3,24.7,63.9,7.11,63.3,Tomato
82.1,56.7,74.2,24.6,69.8,6.19,41.0,Tomato
89.7,71.8,66.1,28.8,69.2,6.6,59.0,Tomato
74.6,68.7,67.7,21.7,73.5,5.85,42.1,Tomato
84.9,64.3,75.5,23.1,82.7,6.51,61.5,Tomato
79.0,63.3,76.3,27.6,58.6,6.5,71.7,Tomato
89.4,62.5,75.9,21.6,76.8,7.0,44.8,Tomato
76.9,56.0,76.7,20.1,65.5,6.78,64.0,Tomato
86.9,55.8,76.2,22.2,65.6,6.7,66.5,Tomato
85.2,57.8,70.6,24.0,59.2,6.41,70.8,Tomato
75.4,69.7,80.4,20.3,75.6,6.54,71.3,Tomato
81.3,68.3,75.0,21.6,60.5,6.02,67.8,Tomato
89.3,66.6,71.8,20.5,63.4,7.06,57.7,Tomato
86.1,55.8,74.6,22.6,73.8,6.91,57.6,Tomato
84.1,59.1,63.6,21.4,68.7,6.73,67.2,Tomato
82.7,68.3,72.9,26.1,56.9,5.03,69.3,Tomato
74.3,61.2,70.6,28.8,69.9,6.67,77.6,Tomato
87.8,59.6,79.2,20.7,69.4,5.98,68.1,Tomato
86.4,73.0,62.7,22.2,72.4,6.73,67.7,Tomato
77.8,58.8,80.3,23.8,69.8,6.55,47.3,Tomato
92.0,65.6,86.9,21.0,72.4,6.08,67.4,Tomato
92.3,49.5,71.2,22.3,63.3,6.75,81.8,Tomato
84.0,63.8,73.2,24.0,61.0,7.04,69.4,Tomato
88.0,57.5,69.6,23.5,58.3,5.92,56.0,Tomato
88.9,58.4,66.1,21.6,64.8,6.46,97.5,Tomato
92.9,68.9,79.8,21.0,60.2,6.16,85.0,Tomato
80.9,54.7,69.8,23.3,69.1,6.7,52.6,Tomato
90.1,58.5,71.5,26.1,63.6,6.37,73.9,Tomato
78.6,60.1,76.0,30.2,71.1,6.79,73.0,Tomato
77.0,63.2,72.3,25.0,68.2,6.75,60.3,Tomato
85.4,54.8,70.5,28.2,69.4,6.59,93.4,Tomato
74.8,55.6,83.2,24.1,66.0,6.12,71.7,Tomato
89.1,55.7,71.6,23.0,69.0,6.15,83.8,Tomato
91.9,60.2,71.1,23.6,62.8,6.42,60.9,Tomato
97.1,68.4,78.3,25.1,60.8,6.58,79.6,Tomato
75.6,66.5,87.0,27.2,76.0,6.69,79.5,Tomato
79.6,67.5,76.6,24.9,75.4,6.38,62.2,Tomato
85.7,56.1,73.9,18.8,73.8,6.62,57.2,Tomato
78.7,61.0,76.8,25.6,63.3,6.26,74.9,Tomato
79.6,62.9,73.3,24.9,72.6,6.09,36.3,Tomato
80.7,73.8,85.1,29.5,66.3,5.89,29.9,Tomato
80.4,61.3,80.6,26.6,68.9,6.24,50.6,Tomato
86.9,66.9,74.9,20.9,71.4,6.77,48.9,Tomato
79.1,66.8,71.0,28.8,70.5,6.41,64.8,Tomato
85.5,57.9,66.8,26.1,72.6,6.84,87.7,Tomato
80.9,73.0,66.9,21.0,56.9,6.42,57.4,Tomato
88.9,64.0,65.0,22.8,65.3,5.89,50.3,Tomato
79.2,71.5,73.7,26.0,58.5,7.08,84.5,Tomato
70.0,58.1,75.6,25.9,63.4,6.48,56.0,Tomato
85.8,70.0,67.7,27.0,62.8,6.26,77.3,Tomato
91.9,67.8,64.3,22.6,72.4,6.62,48.9,Tomato
88.4,58.0,83.7,28.6,71.1,7.14,66.0,Tomato
90.7,71.7,74.0,23.2,57.3,6.57,77.4,Tomato
92.1,65.7,69.1,18.1,64.5,6.48,60.3,Tomato
89.6,74.9,73.3,23.3,65.9,6.65,52.6,Tomato
85.9,65.3,73.8,25.4,70.1,5.89,74.6,Tomato
80.0,55.7,65.6,25.3,66.2,5.93,72.2,Tomato
74.2,63.4,74.0,26.7,78.2,6.05,64.2,Tomato
82.9,65.2,73.8,22.9,64.9,6.15,79.8,Tomato
88.4,68.2,70.6,22.0,61.0,6.74,49.4,Tomato
113.7,54.3,84.2,22.9,73.6,5.92,45.5,Potato
85.4,67.3,91.9,17.9,63.2,4.87,45.3,Potato
96.5,72.5,86.7,19.8,67.6,5.62,81.1,Potato
99.3,49.4,78.3,16.9,66.7,6.08,58.4,Potato
96.8,70.7,78.1,23.7,66.0,5.89,55.8,Potato
98.6,65.3,85.2,17.1,63.3,6.85,52.7,Potato
103.6,52.5,80.8,18.7,72.8,4.76,62.5,Potato
87.4,64.5,76.0,16.9,68.4,5.43,52.9,Potato
87.1,51.0,88.9,15.8,68.9,6.15,50.8,Potato
90.3,63.9,89.5,16.1,69.1,5.16,54.1,Potato
97.8,57.2,79.6,15.5,70.5,6.27,43.5,Potato
92.1,65.6,90.1,15.3,69.0,5.96,58.5,Potato
75.8,65.6,92.0,19.3,63.8,5.64,86.5,Potato
105.5,66.5,84.7,17.3,68.8,5.82,68.2,Potato
110.7,69.5,73.6,19.6,74.4,6.1,50.6,Potato
123.0,54.5,75.7,19.6,82.7,5.52,56.0,Potato
106.9,62.4,80.4,20.4,71.6,6.26,79.4,Potato
100.2,64.3,83.8,20.2,70.3,5.85,77.9,Potato
110.8,53.1,82.6,17.3,68.1,6.01,70.0,Potato
96.5,50.5,76.5,21.2,53.6,6.32,67.8,Potato
109.0,61.3,69.6,20.1,77.6,6.22,50.1,Potato
98.3,59.2,77.4,21.4,62.8,5.49,43.4,Potato
84.5,63.4,89.8,18.5,61.0,6.19,85.3,Potato
91.8,59.5,85.7,23.1,66.9,5.32,69.5,Potato
104.5,62.5,79.0,21.5,73.2,5.54,60.7,Potato
85.7,66.8,80.9,17.9,69.8,5.87,73.4,Potato
102.7,61.5,87.3,20.0,67.4,5.8,57.8,Potato
101.9,60.2,80.1,23.9,75.6,5.55,68.6,Potato
98.5,64.9,83.4,22.0,72.1,5.83,75.6,Potato
99.5,63.3,84.5,18.8,70.1,5.62,48.7,Potato
88.8,53.8,77.0,18.6,70.6,5.74,24.7,Potato
111.3,69.3,85.3,23.8,64.1,6.61,45.5,Potato
99.6,54.5,82.6,20.0,69.1,6.14,61.5,Potato
92.9,59.0,87.6,17.4,75.5,6.34,35.0,Potato
107.4,75.4,84.1,20.5,76.2,5.74,62.7,Potato
86.0,63.4,85.6,20.3,76.4,5.54,52.0,Potato
114.1,61.6,83.8,18.8,65.1,6.5,52.1,Potato
87.6,59.7,70.0,17.4,64.2,6.1,49.9,Potato
105.3,71.2,87.4,18.5,70.8,5.24,58.0,Potato
90.0,66.8,98.6,20.2,58.1,5.71,61.8,Potato
98.3,57.9,84.0,15.9,64.3,6.11,44.8,Potato
102.2,53.9,93.5,17.1,68.7,5.98,51.5,Potato
98.8,66.1,88.5,21.0,69.0,5.79,95.2,Potato
105.8,56.7,83.1,18.2,69.2,5.36,53.8,Potato
113.4,66.1,66.9,22.0,76.5,5.71,70.8,Potato
90.0,59.6,91.9,18.3,58.8,5.82,58.8,Potato
108.0,62.6,79.9,21.6,70.7,5.55,77.3,Potato
99.2,62.5,83.6,16.3,66.8,5.85,57.1,Potato
108.6,63.9,87.8,19.0,76.3,6.01,60.2,Potato
97.4,56.5,85.7,18.9,67.0,6.29,41.2,Potato
93.8,68.9,84.5,18.9,71.5,5.92,37.3,Potato
94.4,72.6,78.4,18.2,66.8,5.82,51.3,Potato
101.8,63.7,87.3,16.4,68.0,5.76,66.8,Potato
90.6,68.2,89.9,16.5,67.1,5.64,99.5,Potato
93.7,73.0,74.6,16.5,65.9,5.51,56.0,Potato
91.3,57.4,89.7,22.1,75.7,6.06,61.4,Potato
93.2,56.5,84.8,16.1,64.0,6.31,88.5,Potato
100.9,69.4,81.0,15.7,73.7,6.08,61.1,Potato
95.4,68.5,76.3,17.1,64.0,5.88,43.7,Potato
91.5,58.1,80.9,15.3,70.5,6.35,62.0,Potato
111.0,70.8,87.4,19.2,70.1,6.16,54.1,Potato
81.0,65.6,75.4,16.6,70.0,5.81,38.8,Potato
98.9,68.5,75.4,22.2,60.6,6.7,53.8,Potato
98.8,50.7,82.1,19.6,69.5,5.62,45.8,Potato
107.4,62.7,92.1,17.7,67.4,6.18,35.7,Potato
86.9,69.4,75.2,14.5,81.2,5.29,62.8,Potato
98.1,44.9,80.8,20.1,72.1,6.21,54.2,Potato
103.7,58.2,73.7,15.8,61.2,6.25,37.3,Potato
99.9,60.8,81.9,22.4,67.4,6.09,60.6,Potato
96.2,76.9,73.5,22.2,73.9,5.66,84.4,Potato
81.3,59.2,74.9,20.0,63.3,6.02,57.2,Potato
93.3,64.9,80.8,16.3,86.8,5.66,26.7,Potato
90.1,54.6,87.7,19.8,72.4,5.7,55.8,Potato
94.3,62.0,87.7,19.8,73.0,6.05,73.3,Potato
100.0,64.7,89.9,17.3,64.9,5.38,62.7,Potato
81.3,65.4,81.8,21.8,66.0,5.77,76.8,Potato
109.6,58.2,83.6,19.7,72.2,5.74,79.2,Potato
81.0,59.9,85.3,20.1,78.1,6.33,55.7,Potato
108.9,58.0,88.3,23.5,77.3,5.89,55.0,Potato
84.1,64.4,75.5,17.0,62.9,5.67,59.6,Potato
99.9,58.7,89.2,18.5,65.3,5.94,89.5,Potato
100.4,60.2,73.0,18.5,71.4,5.69,35.0,Potato
90.1,71.6,91.5,16.8,74.0,5.38,81.1,Potato
99.6,68.4,71.8,20.7,70.0,6.19,73.7,Potato
98.1,58.7,87.4,18.8,64.8,5.48,37.8,Potato
93.0,69.4,83.6,17.7,74.8,5.52,61.4,Potato
95.9,67.4,72.6,16.9,60.2,5.75,78.2,Potato
93.1,59.3,87.9,21.7,69.5,6.12,43.8,Potato
109.6,75.9,85.8,13.8,66.7,6.1,53.7,Potato
108.6,66.2,78.1,19.1,64.6,5.78,51.7,Potato
107.8,75.7,73.6,14.2,68.5,5.24,60.7,Potato
104.1,71.8,83.8,18.5,58.1,5.86,61.1,Potato
103.1,58.1,79.8,15.3,56.3,5.41,36.4,Potato
100.4,59.3,79.1,16.5,50.6,6.45,45.0,Potato
93.9,53.4,88.6,19.4,65.0,5.69,85.2,Potato
96.9,61.4,76.6,14.3,69.0,5.98,76.5,Potato
77.8,55.5,78.9,19.0,69.1,5.8,66.1,Potato
89.6,68.3,85.2,18.2,79.6,6.47,74.0,Potato
71.1,72.4,87.5,24.0,77.4,6.48,73.2,Potato
109.3,75.0,83.9,15.1,68.2,6.01,61.1,Potato
86.6,52.3,77.9,21.0,79.5,6.22,75.9,Potato
96.8,51.6,79.7,18.4,67.0,5.87,66.6,Potato
105.0,60.8,70.6,17.8,70.3,6.34,51.5,Potato
102.0,64.3,82.8,21.3,66.0,5.62,59.8,Potato
91.9,65.7,78.0,19.6,69.4,5.94,53.1,Potato
94.5,63.1,83.8,19.0,80.2,5.45,59.0,Potato
83.7,64.8,75.5,18.3,67.8,5.96,51.7,Potato
92.3,71.5,84.3,17.6,68.5,6.51,56.5,Potato
91.5,58.2,79.1,17.5,62.3,5.4,47.6,Potato
102.7,60.1,81.2,22.2,77.8,5.74,50.5,Potato
89.9,66.8,81.2,18.0,65.1,5.54,64.8,Potato
86.0,68.7,79.2,18.6,62.0,5.85,55.1,Potato
97.1,71.7,83.6,17.0,65.7,6.09,79.5,Potato
100.0,66.8,86.3,22.5,58.3,6.12,74.8,Potato
85.8,57.0,77.2,17.2,67.1,5.95,73.0,Potato
107.0,57.3,77.2,22.3,73.9,5.88,67.1,Potato
97.2,65.8,80.4,19.7,60.9,5.57,49.8,Potato
94.2,56.7,79.2,15.2,73.3,5.82,34.4,Potato
90.2,64.6,79.1,17.3,69.6,5.99,38.5,Potato
102.3,57.5,82.4,18.9,66.8,5.44,55.7,Potato
111.7,54.0,93.1,18.4,70.2,5.42,48.4,Potato
93.1,56.0,81.2,18.0,81.1,5.38,61.5,Potato
99.7,55.8,86.8,18.0,55.0,6.11,43.2,Potato
88.3,66.8,80.3,21.3,77.3,5.59,71.9,Potato
90.9,76.5,78.2,21.6,75.1,5.98,49.9,Potato
96.2,49.0,83.9,19.9,70.8,4.66,41.0,Potato
91.0,64.3,84.3,18.6,73.8,5.44,69.2,Potato
101.7,64.9,81.4,23.6,73.0,5.46,63.7,Potato
104.1,58.8,89.3,20.0,55.9,5.97,53.9,Potato
102.2,68.4,83.7,23.2,68.9,6.1,72.1,Potato
96.6,67.4,78.8,17.9,62.1,5.95,64.9,Potato
107.8,67.4,80.7,16.1,72.6,6.29,71.3,Potato
107.0,61.2,79.6,17.2,69.7,5.82,63.1,Potato
96.4,61.7,77.6,21.4,70.5,5.78,48.8,Potato
85.8,70.7,86.0,14.9,74.6,6.22,61.9,Potato
111.5,63.9,73.6,19.9,71.5,5.61,68.6,Potato
82.9,68.7,77.0,16.5,69.3,6.02,62.5,Potato
91.0,59.3,75.4,18.4,76.5,5.85,72.9,Potato
110.2,58.8,81.3,24.4,78.7,5.18,65.8,Potato
97.5,67.7,77.8,16.9,65.9,5.62,72.2,Potato
87.2,58.6,71.3,21.5,77.6,5.72,55.5,Potato
101.5,71.7,85.1,17.3,60.3,5.4,61.1,Potato
91.8,63.7,79.0,16.4,62.9,6.47,73.3,Potato
112.6,65.9,79.8,22.3,69.8,5.94,59.4,Potato
71.7,72.5,85.6,19.8,69.6,5.92,51.0,Potato
102.9,54.3,83.7,20.4,68.8,6.0,45.1,Potato
89.0,64.0,86.7,14.3,73.1,5.63,57.1,Potato
85.8,57.2,88.5,19.1,67.7,5.8,67.3,Potato
101.4,62.0,89.3,21.4,72.5,5.87,69.9,Potato
100.2,69.1,88.1,16.5,63.5,5.57,74.6,Potato
83.7,65.0,84.8,21.9,71.1,5.31,45.6,Potato
87.2,59.1,81.4,16.1,78.8,5.32,80.2,Potato
107.9,68.1,78.2,19.9,62.3,6.21,58.9,Potato
93.9,54.9,67.0,16.4,76.7,5.69,57.5,Potato
103.2,73.8,90.8,16.6,58.3,6.79,94.0,Potato
99.1,54.6,88.5,18.7,69.3,6.21,65.0,Potato
87.1,60.5,86.6,20.3,71.6,6.22,54.6,Potato
99.1,41.4,79.7,20.9,67.7,5.66,44.4,Potato
106.3,65.9,87.7,14.7,69.0,5.74,55.8,Potato
92.1,60.3,87.8,14.2,80.7,6.04,59.4,Potato
105.4,53.4,78.3,18.7,78.2,5.83,66.8,Potato
92.3,65.5,93.0,21.5,69.5,6.12,68.7,Potato
101.9,69.4,89.4,18.7,73.9,5.7,46.2,Potato
95.1,62.0,72.1,21.2,53.4,6.94,82.5,Potato
95.2,62.6,84.4,17.5,71.2,5.79,58.6,Potato
99.1,54.3,82.7,19.4,70.8,5.76,77.1,Potato
94.4,63.9,90.6,18.8,71.3,5.81,78.6,Potato
95.2,70.5,81.9,16.9,74.1,5.73,69.3,Potato
73.6,62.5,79.6,16.3,66.7,5.62,59.3,Potato
85.5,64.5,91.0,19.7,74.9,6.29,78.5,Potato
113.9,59.4,78.0,21.0,74.2,6.16,88.3,Potato
97.6,65.2,76.4,24.3,68.0,5.73,54.8,Potato
91.9,57.9,79.2,15.6,65.3,6.63,71.0,Potato
105.6,69.9,94.0,14.6,62.6,5.53,53.0,Potato
94.9,59.7,83.9,19.1,65.7,4.98,45.1,Potato
92.7,61.0,75.4,17.8,63.2,5.8,43.9,Potato
90.1,54.3,81.5,16.8,75.4,6.01,59.0,Potato
90.5,64.9,86.8,19.4,79.6,6.03,73.7,Potato
98.7,66.7,77.5,17.9,72.1,5.99,67.6,Potato
107.1,53.6,76.4,19.6,65.7,7.2,67.7,Potato
59.4,32.4,27.6,19.1,58.2,6.57,43.4,Mustard
70.1,41.9,31.3,14.3,60.7,7.37,68.0,Mustard
65.5,42.1,30.3,21.2,53.4,6.87,67.4,Mustard
55.6,30.7,30.5,18.2,61.4,6.57,73.3,Mustard
50.3,41.3,26.2,12.7,58.9,6.65,30.9,Mustard
47.4,35.0,34.9,21.0,57.8,6.94,47.1,Mustard
49.3,27.9,29.0,18.4,62.6,7.05,56.6,Mustard
57.9,28.1,32.1,20.8,43.2,6.42,37.1,Mustard
60.9,31.0,29.8,18.3,56.5,6.46,37.9,Mustard
51.9,36.9,32.9,16.3,66.6,6.62,70.5,Mustard
55.2,24.9,32.0,19.9,57.7,6.49,47.0,Mustard
56.2,33.5,34.2,19.6,61.2,6.66,42.4,Mustard
51.3,33.1,13.4,16.9,57.0,6.98,43.5,Mustard
62.6,24.1,29.7,13.1,50.3,6.68,66.6,Mustard
62.8,35.1,29.9,16.5,54.2,6.92,26.7,Mustard
64.4,33.1,34.1,22.4,47.5,6.52,34.7,Mustard
46.4,29.8,42.2,21.1,69.0,7.08,36.4,Mustard
57.1,37.9,32.2,17.0,48.4,8.07,45.4,Mustard
57.6,35.6,28.8,19.4,65.2,6.7,30.1,Mustard
58.8,32.7,37.1,23.1,58.1,6.24,29.1,Mustard
60.1,36.7,28.1,17.3,53.9,6.74,11.8,Mustard
51.7,31.9,36.0,16.2,58.6,6.84,67.0,Mustard
69.5,34.7,27.6,16.7,56.1,6.58,55.8,Mustard
63.2,38.0,36.3,25.5,58.2,7.19,42.2,Mustard
68.9,40.3,35.0,19.3,53.5,6.19,46.9,Mustard
71.5,33.5,33.9,22.0,55.8,7.28,10.0,Mustard
50.8,30.4,25.9,20.2,59.2,6.91,56.4,Mustard
52.9,28.9,32.0,16.8,48.1,7.14,68.4,Mustard
71.7,35.9,33.1,23.8,53.7,7.19,51.6,Mustard
66.9,35.9,36.5,19.8,48.6,7.33,33.3,Mustard
69.4,34.5,35.9,23.0,60.1,6.95,53.8,Mustard
44.9,35.6,24.4,19.6,50.6,6.28,71.6,Mustard
68.0,35.0,30.9,18.1,60.9,6.48,62.4,Mustard
58.1,32.9,30.1,16.9,59.5,6.54,54.5,Mustard
69.1,31.4,29.3,20.6,54.9,6.94,55.8,Mustard
68.1,32.0,25.3,17.9,51.7,6.98,30.1,Mustard
77.5,41.5,30.1,22.0,47.7,7.76,38.6,Mustard
59.1,25.7,32.4,15.1,58.1,6.53,31.3,Mustard
54.0,36.1,23.6,16.4,61.5,7.79,54.7,Mustard
53.1,33.2,30.2,17.8,62.9,6.84,61.1,Mustard
57.6,41.6,29.2,15.6,70.6,6.02,36.4,Mustard
55.3,47.5,39.0,24.2,55.5,7.72,53.0,Mustard
67.3,35.9,29.8,18.1,56.2,6.99,53.0,Mustard
59.8,42.5,15.2,20.8,61.8,7.21,46.5,Mustard
61.6,39.9,37.5,17.9,59.1,7.42,15.6,Mustard
54.8,42.3,35.5,20.8,54.8,6.4,38.6,Mustard
71.6,31.9,30.5,16.4,62.6,6.53,46.0,Mustard
47.4,26.9,30.0,14.4,70.1,5.93,35.5,Mustard
60.1,33.2,24.5,15.6,51.6,6.64,76.8,Mustard
60.6,40.9,32.5,22.9,40.7,6.63,67.1,Mustard
55.7,43.8,37.4,17.4,54.5,6.34,38.1,Mustard
50.8,37.1,22.7,21.1,61.3,6.09,70.7,Mustard
63.9,38.7,26.2,21.2,64.3,6.71,77.5,Mustard
60.3,40.7,31.5,21.0,47.5,6.9,36.5,Mustard
53.7,43.7,28.9,15.5,55.3,6.23,69.0,Mustard
54.8,37.6,36.8,17.2,60.7,6.34,84.2,Mustard
67.0,34.0,26.1,18.6,55.5,7.53,29.1,Mustard
61.0,34.9,29.4,18.6,56.8,7.1,56.6,Mustard
63.1,19.8,31.5,13.2,61.4,7.34,33.6,Mustard
58.0,32.0,36.2,19.3,67.9,6.92,51.1,Mustard
60.5,39.1,21.3,19.3,57.1,7.04,44.7,Mustard
52.2,35.0,24.6,12.3,61.9,6.98,54.5,Mustard
69.8,31.7,22.8,18.8,55.4,6.41,46.3,Mustard
55.4,25.8,27.8,15.0,58.9,6.49,64.2,Mustard
72.0,38.4,22.2,24.3,67.0,6.76,67.3,Mustard
55.9,25.7,26.2,25.1,48.6,6.75,48.0,Mustard
56.2,32.8,30.4,17.0,49.0,6.84,63.6,Mustard
66.5,31.0,23.7,18.0,66.9,7.01,58.1,Mustard
66.7,37.1,30.6,21.3,54.2,6.18,58.3,Mustard
69.3,29.4,34.1,24.9,57.5,6.42,49.3,Mustard
55.9,31.9,32.2,13.4,48.8,6.76,47.2,Mustard
62.6,44.4,30.5,21.1,51.6,7.06,39.6,Mustard
60.5,34.5,35.2,14.4,43.8,6.66,54.5,Mustard
61.1,41.2,32.2,17.0,43.5,6.66,62.9,Mustard
57.1,35.1,32.1,15.4,61.2,7.4,44.9,Mustard
51.5,34.7,18.9,20.2,60.2,7.42,44.6,Mustard
63.1,30.7,28.2,13.7,56.3,6.63,52.0,Mustard
55.3,35.4,28.3,17.8,58.0,6.77,58.9,Mustard
59.1,33.3,29.1,16.5,55.3,7.56,33.8,Mustard
57.9,33.1,28.8,17.8,59.2,6.07,63.1,Mustard
64.7,28.8,18.7,15.6,56.0,7.78,55.6,Mustard
46.4,31.6,29.7,19.9,49.6,6.7,36.7,Mustard
51.7,36.3,33.9,21.9,60.9,6.55,58.2,Mustard
62.3,35.7,26.9,17.3,57.9,7.73,52.0,Mustard
55.4,30.8,27.5,26.6,55.1,7.11,41.9,Mustard
62.0,39.0,27.1,16.8,67.5,7.14,59.4,Mustard
65.9,37.3,40.1,19.2,61.0,6.17,35.1,Mustard
51.0,41.4,17.2,17.6,39.5,6.42,40.1,Mustard
70.4,37.0,25.8,22.7,57.6,6.77,29.5,Mustard
52.6,30.9,30.2,19.3,66.8,6.9,10.0,Mustard
62.0,27.7,25.2,16.2,53.5,6.2,50.6,Mustard
49.4,36.8,41.2,14.3,55.8,5.74,43.0,Mustard
64.8,38.6,30.4,22.1,72.8,7.43,39.7,Mustard
49.1,33.0,25.3,20.6,50.4,6.72,60.1,Mustard
59.2,30.3,35.9,12.4,55.5,6.73,47.7,Mustard
61.4,38.1,29.8,17.7,55.1,6.51,59.3,Mustard
55.2,39.2,30.1,17.2,61.2,6.46,57.1,Mustard
61.6,32.0,32.6,20.9,64.4,7.14,54.9,Mustard
51.5,47.2,23.0,22.3,60.1,6.28,45.6,Mustard
59.4,41.5,26.4,18.1,43.5,7.44,31.4,Mustard
62.5,34.5,29.5,21.8,67.5,6.85,57.3,Mustard
62.5,40.1,27.7,22.8,64.2,7.18,37.6,Mustard
58.7,36.2,23.1,24.6,57.4,6.86,38.8,Mustard
50.0,32.0,31.1,21.4,58.5,6.89,42.4,Mustard
63.7,42.4,33.5,21.8,59.3,6.15,31.8,Mustard
63.4,34.9,32.2,24.9,61.9,7.25,48.9,Mustard
53.9,34.7,26.0,24.5,62.2,6.96,66.0,Mustard
44.8,37.9,23.4,19.0,55.6,7.01,50.9,Mustard
70.1,32.0,33.5,19.6,47.7,6.38,45.3,Mustard
68.3,37.3,24.2,18.5,69.6,6.79,42.6,Mustard
63.7,38.8,27.7,20.8,55.5,7.04,50.0,Mustard
63.6,31.2,25.9,22.3,57.0,6.86,42.9,Mustard
66.7,32.0,29.3,21.8,64.5,6.54,76.9,Mustard
62.3,29.8,31.8,17.7,60.1,6.73,48.6,Mustard
53.2,40.0,24.2,15.1,59.7,7.39,42.2,Mustard
65.3,40.4,34.1,17.9,51.0,5.87,43.6,Mustard
68.8,29.4,33.5,15.7,58.1,7.03,37.6,Mustard
61.3,32.9,33.5,19.8,57.8,7.37,57.4,Mustard
54.8,34.6,29.6,19.3,72.6,6.9,17.0,Mustard
55.9,25.3,28.4,12.0,52.3,6.14,53.3,Mustard
60.0,36.5,29.5,14.1,60.6,7.52,53.6,Mustard
56.8,27.9,25.5,20.6,63.9,6.85,59.5,Mustard
65.3,37.5,26.7,19.6,52.4,6.76,52.5,Mustard
72.6,28.5,32.4,24.2,62.1,7.08,56.3,Mustard
69.7,29.6,23.1,19.0,44.5,7.24,65.8,Mustard
56.7,33.1,29.6,19.2,58.3,6.97,44.9,Mustard
67.1,37.2,27.0,23.7,49.4,6.71,62.0,Mustard
54.6,36.5,32.7,16.0,57.1,6.69,39.2,Mustard
77.3,31.2,35.0,17.6,51.0,6.79,57.2,Mustard
66.9,42.8,44.7,19.9,53.5,6.93,43.5,Mustard
66.9,28.5,41.8,22.0,47.4,6.47,59.7,Mustard
68.8,28.6,33.6,12.2,57.0,7.19,39.2,Mustard
48.7,35.7,27.0,21.2,52.2,6.44,17.2,Mustard
61.3,34.2,24.1,19.7,63.7,6.66,51.5,Mustard
62.0,29.0,40.3,17.4,61.4,7.06,45.4,Mustard
64.6,36.2,22.9,17.8,53.8,6.57,27.9,Mustard
68.4,43.0,34.9,23.4,55.4,6.5,35.8,Mustard
64.8,36.1,29.6,23.5,59.9,6.41,37.3,Mustard
65.1,40.2,32.8,25.6,67.3,6.93,34.9,Mustard
50.2,33.1,33.8,25.4,60.0,7.22,43.8,Mustard
64.7,39.1,20.1,17.6,63.2,6.86,29.6,Mustard
41.8,33.2,29.6,15.9,58.4,6.95,57.6,Mustard
42.3,28.4,28.5,21.0,60.4,6.94,41.7,Mustard
57.5,31.4,33.8,15.8,62.6,6.83,46.8,Mustard
55.1,28.2,26.8,17.8,43.3,6.67,61.4,Mustard
64.3,32.5,30.2,17.1,58.4,7.37,62.0,Mustard
63.9,32.5,33.7,13.1,56.0,6.98,58.6,Mustard
65.0,36.5,29.0,20.9,51.8,6.41,48.4,Mustard
61.3,25.9,32.3,21.7,57.0,7.7,37.3,Mustard
57.3,33.0,29.6,17.8,49.1,6.53,46.0,Mustard
69.2,46.0,36.7,16.3,53.3,6.69,74.3,Mustard
58.8,28.4,27.5,21.6,61.6,6.67,57.8,Mustard
43.0,35.5,34.3,16.1,52.5,6.0,71.3,Mustard
54.6,36.2,33.0,24.3,56.6,6.53,50.1,Mustard
69.6,34.1,25.2,13.6,50.2,7.1,42.7,Mustard
55.4,31.4,30.4,18.2,55.9,7.29,70.6,Mustard
47.9,36.6,26.1,18.1,59.4,6.66,51.0,Mustard
65.0,36.5,26.8,16.8,48.9,6.41,76.9,Mustard
54.1,29.0,31.6,18.6,56.3,7.31,55.7,Mustard
56.0,32.9,27.5,22.1,55.7,6.03,46.8,Mustard
48.5,45.9,25.2,18.4,59.0,6.63,43.1,Mustard
63.2,42.6,33.8,24.2,51.2,6.88,49.8,Mustard
62.6,41.9,28.9,17.6,60.7,6.04,43.9,Mustard
59.0,30.4,35.3,15.3,56.7,6.87,67.8,Mustard
59.9,39.7,33.5,19.4,51.0,6.18,49.1,Mustard
55.9,39.6,33.7,18.4,50.6,6.95,32.2,Mustard
54.3,30.1,29.3,23.1,57.5,6.57,24.6,Mustard
64.1,31.1,30.6,17.8,62.5,6.69,46.6,Mustard
63.6,45.5,34.4,18.7,57.5,6.54,33.3,Mustard
55.9,31.1,33.3,15.3,65.5,7.05,47.8,Mustard
60.0,32.2,31.4,22.8,53.3,6.14,58.0,Mustard
62.4,29.4,26.3,16.0,53.2,6.62,43.5,Mustard
55.1,31.2,28.9,19.6,55.6,7.21,55.1,Mustard
48.1,37.6,33.0,17.5,48.5,6.75,47.4,Mustard
51.6,27.7,29.6,18.2,55.0,6.72,31.0,Mustard
56.7,37.7,28.3,13.1,54.7,6.32,51.5,Mustard
62.4,26.7,33.8,15.1,66.9,6.73,28.8,Mustard
51.4,36.7,28.0,18.7,67.2,6.47,48.4,Mustard
70.6,36.4,22.0,20.8,50.5,7.31,35.2,Mustard
82.3,42.3,26.0,19.1,62.0,7.06,54.1,Mustard
36.3,59.4,33.2,25.0,75.2,6.75,104.4,Soybean
34.0,49.7,36.6,26.7,80.0,5.99,123.4,Soybean
30.4,62.4,43.4,27.7,72.4,6.7,92.7,Soybean
29.9,56.4,34.8,19.0,72.6,6.55,95.0,Soybean
31.1,52.8,44.6,25.7,69.1,6.21,100.4,Soybean
36.9,65.2,39.3,27.6,67.8,6.02,97.0,Soybean
28.8,65.2,36.5,30.8,77.2,6.42,73.1,Soybean
36.9,66.8,28.2,30.5,72.3,6.66,124.2,Soybean
36.7,63.3,37.4,27.8,67.6,6.58,86.5,Soybean
28.3,58.2,31.8,26.4,68.1,6.8,75.7,Soybean
29.4,60.7,33.4,25.5,60.5,6.74,109.7,Soybean
32.5,65.2,36.0,27.4,70.9,6.88,76.3,Soybean
25.5,67.9,22.7,25.6,77.0,6.56,93.9,Soybean
30.6,58.2,35.2,23.9,76.7,7.17,98.0,Soybean
23.1,57.4,34.1,27.5,64.0,6.29,107.7,Soybean
34.7,56.9,28.3,35.9,74.7,6.49,113.0,Soybean
29.4,64.3,35.8,26.3,69.3,6.02,129.1,Soybean
25.3,53.2,33.9,23.1,69.7,6.88,114.9,Soybean
34.1,58.5,35.2,27.2,59.5,6.83,78.1,Soybean
40.2,58.0,34.1,23.7,66.2,7.51,114.1,Soybean
22.3,67.5,41.0,25.2,71.8,6.59,129.6,Soybean
26.0,60.7,32.9,21.7,83.1,6.13,103.3,Soybean
21.3,58.0,37.1,23.5,73.5,6.49,117.4,Soybean
36.8,57.1,35.4,26.6,73.7,6.61,102.9,Soybean
28.8,60.6,41.5,27.9,74.2,6.89,97.7,Soybean
31.6,54.6,41.3,17.7,69.5,7.06,79.5,Soybean
32.0,56.6,33.2,28.8,71.2,5.79,85.4,Soybean
34.9,62.2,43.7,31.0,67.9,7.6,100.4,Soybean
25.2,56.8,23.7,30.8,79.6,6.19,96.6,Soybean
30.5,55.2,26.2,25.4,68.1,6.44,103.3,Soybean
37.1,58.5,35.9,28.2,73.3,6.35,101.4,Soybean
32.7,54.4,41.3,30.3,65.7,6.68,109.6,Soybean
27.3,62.4,35.8,21.6,72.8,6.16,114.1,Soybean
26.6,59.2,41.9,27.5,63.5,6.19,91.0,Soybean
32.0,61.8,30.8,22.5,71.7,6.53,132.4,Soybean
30.2,69.1,29.1,21.3,63.3,7.08,126.3,Soybean
26.1,57.7,29.2,20.6,74.3,6.69,100.2,Soybean
23.0,68.2,32.5,27.6,61.3,6.52,104.4,Soybean
31.6,60.8,37.5,22.6,71.2,6.65,103.5,Soybean
30.4,53.6,28.4,19.4,74.9,6.93,112.7,Soybean
31.5,49.3,29.9,26.5,70.8,6.51,105.5,Soybean
30.1,60.6,31.8,28.9,67.4,6.07,88.4,Soybean
28.3,65.0,34.8,25.4,62.5,6.91,90.2,Soybean
29.5,67.4,37.5,21.1,59.4,6.57,81.8,Soybean
33.2,60.2,35.8,23.9,80.4,7.74,95.8,Soybean
31.8,60.5,33.7,23.5,63.5,6.15,106.1,Soybean
27.4,47.1,37.2,25.9,78.1,6.75,77.8,Soybean
18.9,56.4,31.9,28.8,69.9,7.05,80.1,Soybean
34.8,63.6,24.9,30.0,70.6,6.76,87.0,Soybean
36.4,54.1,39.2,28.5,64.2,7.39,103.5,Soybean
33.3,52.4,45.6,22.3,76.1,6.2,90.7,Soybean
33.9,65.1,28.6,29.3,76.3,6.22,124.0,Soybean
22.7,56.9,37.4,23.4,71.6,6.7,97.2,Soybean
34.2,58.9,36.2,29.4,74.7,6.91,82.8,Soybean
32.6,55.6,28.6,25.8,64.6,6.92,112.2,Soybean
20.5,55.9,27.7,24.6,72.7,6.5,91.2,Soybean
36.5,48.5,41.2,24.4,69.5,6.39,123.1,Soybean
23.8,60.1,37.6,21.2,64.5,6.54,86.7,Soybean
25.9,58.3,38.2,25.0,76.5,6.2,81.2,Soybean
39.6,56.7,28.4,20.8,76.5,6.46,96.2,Soybean
29.2,65.1,34.1,33.0,70.8,7.02,112.1,Soybean
29.8,57.1,36.7,27.5,66.6,6.67,118.5,Soybean
40.3,64.3,44.3,24.1,74.2,7.14,86.6,Soybean
27.6,68.7,30.1,22.0,79.2,7.08,106.5,Soybean
29.8,57.8,36.4,30.7,71.4,7.47,86.5,Soybean
29.9,58.1,29.6,25.5,72.5,6.81,132.6,Soybean
32.3,65.8,35.3,31.0,84.4,6.81,85.1,Soybean
27.3,61.4,37.3,28.1,72.8,6.6,90.5,Soybean
32.0,69.3,40.1,27.6,76.2,6.45,92.4,Soybean
26.3,59.4,32.9,29.6,67.1,6.28,129.1,Soybean
27.7,60.8,37.3,22.6,77.4,6.85,123.4,Soybean
26.6,60.5,35.2,26.8,61.3,6.64,78.6,Soybean
31.8,49.4,25.7,28.5,66.7,6.2,119.1,Soybean
31.6,64.4,34.2,34.0,66.4,7.3,99.1,Soybean
21.7,62.4,36.6,22.8,64.5,6.59,105.2,Soybean
17.6,65.3,32.5,22.0,75.6,6.59,118.2,Soybean
32.2,60.0,34.2,27.4,67.5,6.26,109.1,Soybean
29.3,60.2,40.4,25.7,70.1,6.36,106.5,Soybean
31.7,64.5,32.1,24.6,74.8,6.7,86.4,Soybean
36.5,51.5,38.9,22.2,81.3,5.98,117.3,Soybean
29.6,58.2,35.9,27.9,64.6,6.27,109.7,Soybean
21.5,57.1,50.2,23.1,76.9,6.37,107.6,Soybean
33.3,65.6,34.0,32.0,66.5,6.69,103.7,Soybean
24.4,58.6,35.8,24.7,84.6,6.26,117.7,Soybean
34.3,59.9,30.7,23.7,66.9,5.89,84.9,Soybean
22.6,66.7,38.1,28.4,73.5,6.67,121.9,Soybean
26.9,60.5,38.7,22.0,88.6,6.61,102.1,Soybean
36.3,64.6,35.2,26.4,61.0,6.38,107.8,Soybean
32.2,66.1,34.4,21.8,76.3,7.17,113.5,Soybean
29.2,65.2,52.1,26.3,62.1,6.37,109.4,Soybean
22.0,60.8,36.9,30.6,77.9,6.95,67.6,Soybean
34.6,63.5,36.3,20.8,65.3,6.13,69.8,Soybean
30.0,56.0,48.1,25.5,77.8,5.97,92.0,Soybean
30.5,55.5,32.9,25.3,68.6,7.34,105.7,Soybean
32.4,62.7,38.1,25.8,68.1,6.67,117.4,Soybean
35.6,58.8,38.8,25.4,70.2,6.41,97.3,Soybean
36.7,60.5,35.7,21.7,68.1,6.5,87.6,Soybean
30.1,57.9,35.4,26.4,64.3,6.44,101.2,Soybean
35.9,61.3,31.7,27.2,80.2,6.97,108.2,Soybean
33.6,67.2,40.4,27.7,76.4,6.17,77.5,Soybean
30.8,60.3,32.3,28.5,58.8,6.39,92.7,Soybean
21.8,67.5,28.2,24.2,75.4,6.86,83.4,Soybean
33.4,61.4,46.7,27.2,69.2,6.26,88.8,Soybean
25.9,66.9,35.1,27.7,79.1,5.66,119.2,Soybean
30.3,62.2,30.9,23.7,72.9,7.55,115.0,Soybean
36.3,59.0,32.0,23.7,67.1,5.78,89.1,Soybean
27.2,59.1,35.7,27.1,69.9,6.37,70.5,Soybean
27.1,55.1,37.3,28.7,75.6,6.9,98.0,Soybean
27.4,56.3,27.5,29.0,69.0,6.1,87.6,Soybean
25.7,60.2,40.3,25.0,56.5,6.52,97.7,Soybean
28.9,56.9,36.1,26.2,69.9,6.77,93.6,Soybean
27.6,66.9,37.8,28.5,77.4,6.81,113.9,Soybean
22.1,61.0,34.1,31.0,75.6,6.35,105.6,Soybean
30.8,62.3,29.9,27.1,68.6,6.71,89.1,Soybean
27.1,65.9,29.7,23.1,69.7,6.29,86.7,Soybean
30.5,52.5,30.0,32.2,72.8,6.3,106.3,Soybean
32.8,65.0,34.4,28.9,57.8,6.18,102.5,Soybean
31.6,55.4,36.3,24.1,68.3,7.01,113.6,Soybean
25.0,54.7,32.9,25.9,66.1,7.02,105.2,Soybean
32.0,53.7,40.8,17.5,75.0,6.97,93.5,Soybean
36.4,59.7,35.3,27.0,89.1,7.14,110.5,Soybean
25.4,60.7,30.9,28.5,70.8,6.15,101.2,Soybean
25.8,60.8,30.7,26.1,74.5,6.58,94.1,Soybean
31.0,63.5,29.5,26.8,77.9,6.83,100.9,Soybean
33.2,62.3,38.8,19.9,60.7,7.0,77.4,Soybean
32.0,58.2,30.0,27.0,71.2,7.44,90.6,Soybean
37.2,61.8,31.7,28.4,73.4,6.61,104.0,Soybean
27.0,55.9,38.8,25.3,69.5,6.71,104.0,Soybean
22.9,66.4,35.6,25.4,72.6,6.69,111.5,Soybean
32.7,63.6,41.8,28.7,69.0,6.15,125.0,Soybean
28.8,57.6,26.3,27.0,70.9,5.99,106.8,Soybean
27.5,73.5,32.2,24.7,64.8,7.11,94.4,Soybean
26.4,63.5,28.1,27.9,80.7,6.83,109.6,Soybean
34.4,68.5,41.0,27.3,75.4,6.25,111.6,Soybean
25.0,58.2,19.6,27.2,66.1,7.04,105.9,Soybean
35.6,54.6,40.2,32.3,74.6,6.92,102.5,Soybean
27.4,63.8,27.5,24.7,59.4,6.32,109.6,Soybean
32.5,60.3,35.9,20.3,67.8,6.33,90.1,Soybean
33.0,55.7,32.0,19.7,68.2,6.16,101.2,Soybean
25.2,60.5,34.3,31.0,73.0,5.86,81.0,Soybean
30.3,55.4,20.2,30.0,74.3,6.81,90.9,Soybean
32.1,56.5,36.0,23.2,79.1,5.97,118.5,Soybean
30.2,57.6,35.8,28.2,78.2,6.73,86.6,Soybean
30.3,69.1,41.7,28.7,74.8,6.88,117.4,Soybean
27.7,53.2,35.3,23.5,63.7,6.31,137.3,Soybean
30.7,61.8,28.9,20.5,65.1,7.18,105.0,Soybean
33.0,63.7,32.0,30.2,66.2,7.16,106.6,Soybean
21.1,56.3,26.1,29.5,69.9,5.71,105.6,Soybean
27.3,52.6,43.4,26.3,68.2,6.44,77.3,Soybean
23.5,66.4,32.6,26.1,57.7,6.07,109.1,Soybean
31.9,68.8,41.7,25.3,72.8,6.47,130.8,Soybean
35.7,60.8,36.0,30.3,73.5,7.22,67.1,Soybean
32.3,57.4,43.8,30.6,70.2,7.21,126.7,Soybean
30.4,72.4,34.8,25.4,75.2,6.46,101.3,Soybean
37.0,60.1,26.5,27.1,65.8,6.95,110.4,Soybean
37.4,64.5,40.5,24.0,74.8,7.39,89.7,Soybean
39.0,57.3,30.7,26.9,74.3,6.96,85.6,Soybean
32.2,56.6,27.6,23.2,65.5,6.81,117.3,Soybean
22.6,61.8,29.1,27.9,66.3,6.18,112.0,Soybean
27.1,58.4,23.9,28.8,74.9,6.6,77.1,Soybean
36.0,56.7,32.7,32.9,65.8,6.9,108.4,Soybean
32.0,61.4,36.9,26.8,69.7,7.2,80.3,Soybean
35.1,64.1,38.5,29.4,69.4,5.85,98.9,Soybean
25.0,56.3,28.8,24.6,66.4,5.65,110.5,Soybean
41.1,63.0,34.0,25.8,67.5,6.64,99.4,Soybean
25.8,68.4,27.6,28.2,69.4,7.36,105.1,Soybean
28.2,58.8,35.2,22.6,65.4,5.89,86.2,Soybean
30.5,61.5,25.1,25.6,73.4,6.53,90.5,Soybean
27.9,57.3,31.8,26.5,83.8,6.3,95.2,Soybean
29.7,56.6,40.5,18.9,66.8,6.93,95.6,Soybean
25.9,62.2,39.5,26.6,65.2,6.78,94.0,Soybean
33.7,67.4,22.0,26.3,59.6,7.58,93.0,Soybean
33.7,59.8,31.0,23.2,79.5,6.98,129.2,Soybean
30.3,61.4,33.7,25.1,63.7,6.63,88.2,Soybean
32.2,60.9,36.4,31.0,69.8,6.9,130.8,Soybean
36.5,65.8,33.5,26.7,62.1,6.8,104.1,Soybean
30.1,65.1,29.0,30.9,75.4,6.57,97.8,Soybean
32.4,67.6,35.5,26.4,70.1,7.31,94.5,Soybean
29.9,67.3,35.7,29.4,64.5,6.52,122.3,Soybean
26.6,59.2,36.3,23.0,67.5,6.65,100.7,Soybean
84.6,57.7,57.1,22.9,66.5,7.31,73.3,Onion
77.2,53.3,66.7,19.0,63.7,7.28,59.4,Onion
76.0,48.8,48.0,22.6,64.3,6.5,45.2,Onion
68.4,53.8,74.8,27.7,54.4,7.04,52.6,Onion
70.6,47.7,66.9,26.1,61.9,6.67,69.5,Onion
79.3,55.9,54.5,22.6,56.1,6.68,59.1,Onion
74.6,46.0,53.2,14.6,61.7,6.53,52.4,Onion
84.9,45.7,71.4,28.6,50.8,6.74,56.5,Onion
53.2,42.8,67.3,30.1,67.9,6.83,62.2,Onion
87.6,60.7,58.8,15.0,49.9,7.23,61.8,Onion
76.4,41.0,57.8,21.4,63.7,6.54,46.9,Onion
69.1,56.0,64.0,24.8,57.1,5.52,54.7,Onion
68.5,51.7,83.0,25.1,78.9,6.93,53.1,Onion
77.6,58.9,73.9,20.3,64.0,6.13,74.9,Onion
86.7,50.2,58.3,23.9,65.0,6.73,65.2,Onion
73.7,55.0,67.1,18.8,56.4,6.6,73.6,Onion
76.1,46.8,64.1,21.3,67.8,6.83,57.8,Onion
76.7,56.6,58.9,24.0,62.1,6.87,52.7,Onion
75.8,55.5,56.6,17.5,54.8,6.23,71.4,Onion
64.5,48.5,66.4,24.1,60.2,6.78,64.1,Onion
73.3,48.9,76.5,25.5,77.4,6.5,61.2,Onion
65.0,46.0,74.4,20.5,74.0,6.2,46.7,Onion
72.4,49.7,68.3,24.2,60.0,6.65,57.7,Onion
68.1,45.6,68.9,15.6,72.2,6.56,50.9,Onion
80.5,57.4,69.5,24.4,69.0,6.01,54.7,Onion
68.2,56.1,60.1,25.7,65.7,6.36,53.7,Onion
84.7,46.1,63.3,19.6,60.6,6.68,50.8,Onion
67.8,51.4,57.2,19.5,56.9,6.67,76.7,Onion
86.3,46.4,75.9,18.7,69.0,6.41,49.4,Onion
69.4,49.7,66.1,25.0,56.8,6.3,48.8,Onion
74.2,48.9,56.6,23.5,76.1,6.5,56.0,Onion
79.2,47.2,66.7,19.8,73.5,6.84,53.2,Onion
70.6,47.4,71.1,17.7,58.5,6.48,62.3,Onion
73.0,42.5,60.0,22.1,58.7,6.97,76.3,Onion
74.4,51.2,49.0,20.9,68.5,6.53,51.4,Onion
92.1,59.1,65.4,26.8,49.1,6.38,55.5,Onion
73.2,47.6,46.6,23.9,65.8,7.34,50.7,Onion
68.5,36.6,60.7,25.9,58.8,7.56,58.7,Onion
76.1,43.2,64.3,15.1,66.7,6.99,82.9,Onion
67.4,50.8,66.0,24.2,57.3,5.74,67.7,Onion
73.9,47.2,67.3,22.3,54.6,5.93,45.6,Onion
92.9,53.6,63.7,21.8,61.0,7.17,55.1,Onion
79.3,48.3,74.6,25.3,70.0,6.47,78.4,Onion
72.7,50.6,72.7,18.6,63.7,6.88,70.3,Onion
71.6,60.4,54.4,28.0,69.8,7.46,38.7,Onion
68.5,57.5,50.8,16.5,59.6,6.78,86.4,Onion
73.6,47.0,64.4,24.3,65.1,6.63,33.2,Onion
68.1,57.1,63.7,21.3,69.2,6.25,59.1,Onion
76.0,47.8,63.1,21.8,54.1,6.77,42.6,Onion
76.2,56.9,60.7,18.1,61.7,6.37,71.4,Onion
73.9,58.5,69.8,21.9,66.8,6.54,63.0,Onion
72.3,53.8,71.5,25.5,68.0,7.07,70.8,Onion
66.5,58.5,73.8,21.6,60.3,6.94,70.8,Onion
73.5,43.7,64.4,24.6,66.9,6.84,58.4,Onion
82.5,50.3,59.6,21.8,52.0,6.63,72.8,Onion
77.5,57.6,60.9,24.3,67.3,7.64,64.7,Onion
67.2,54.2,74.2,21.3,67.5,7.19,77.8,Onion
75.9,46.5,62.0,24.2,67.9,6.83,56.8,Onion
79.2,54.3,64.9,19.4,61.4,7.08,41.8,Onion
59.3,57.5,65.7,24.8,56.0,7.0,66.6,Onion
63.1,57.1,63.5,21.0,60.2,5.89,71.4,Onion
77.0,49.0,70.5,17.3,58.9,6.36,58.3,Onion
75.5,52.2,60.3,19.2,72.6,7.66,64.6,Onion
69.3,57.4,53.5,21.2,58.3,6.24,58.3,Onion
68.5,50.1,62.7,20.2,60.3,6.61,74.6,Onion
73.9,54.1,66.2,24.6,70.8,6.25,55.4,Onion
88.2,48.7,44.9,21.7,63.3,5.65,82.5,Onion
69.6,51.6,61.1,17.7,56.1,6.33,78.8,Onion
73.9,47.4,56.7,27.0,71.3,7.17,69.9,Onion
77.2,43.9,61.0,19.9,51.5,7.12,52.1,Onion
84.0,54.4,66.0,24.8,58.8,7.44,63.1,Onion
77.3,46.8,56.7,24.3,63.8,6.38,40.9,Onion
65.5,56.0,58.7,21.2,71.2,6.25,51.6,Onion
69.2,58.1,75.0,25.3,67.2,6.47,91.7,Onion
77.0,54.3,61.8,21.5,72.5,6.92,84.3,Onion
76.9,45.8,58.9,22.9,58.7,6.26,80.5,Onion
70.9,50.7,64.4,20.3,71.2,6.25,66.4,Onion
76.8,49.7,54.4,25.8,67.0,6.43,73.1,Onion
77.8,43.6,57.2,26.8,64.4,6.47,49.6,Onion
71.1,47.8,57.2,16.0,69.3,7.09,43.4,Onion
76.0,45.5,60.9,21.2,59.9,7.5,55.9,Onion
68.9,46.2,69.0,16.3,57.9,7.28,66.2,Onion
76.4,60.7,64.0,19.8,60.8,6.25,81.3,Onion
79.3,55.6,70.1,20.9,56.8,6.68,49.4,Onion
76.2,55.7,61.4,23.1,61.9,7.02,52.5,Onion
58.5,52.4,68.7,24.2,58.7,6.25,69.9,Onion
76.1,49.4,73.9,18.9,73.2,6.71,35.0,Onion
73.7,54.8,60.2,17.0,61.5,6.36,69.9,Onion
80.8,44.7,58.1,25.3,57.3,6.27,44.8,Onion
77.6,51.5,58.2,22.5,71.7,6.31,33.2,Onion
78.4,49.4,58.1,24.9,67.5,5.82,52.7,Onion
92.4,52.9,66.7,26.9,62.6,7.02,73.3,Onion
79.0,48.4,63.6,20.3,62.6,6.23,50.6,Onion
72.9,45.3,59.3,21.9,64.9,7.08,55.5,Onion
85.0,54.7,65.7,23.1,64.4,7.17,80.9,Onion
85.0,50.2,66.0,27.5,58.8,6.57,62.7,Onion
81.7,54.6,61.1,16.8,64.0,6.33,40.2,Onion
65.5,51.6,71.0,22.6,63.8,7.17,39.3,Onion
78.9,49.9,66.0,20.7,57.6,6.76,87.2,Onion
81.5,47.5,54.1,16.2,70.4,6.32,57.6,Onion
84.9,41.9,71.8,21.5,55.6,6.6,51.7,Onion
78.3,46.8,50.6,21.7,54.4,6.78,44.7,Onion
71.3,50.9,61.2,23.4,66.6,6.24,61.5,Onion
50.0,51.2,60.6,18.8,64.4,7.17,55.4,Onion
67.9,50.8,54.2,20.0,69.8,6.72,34.3,Onion
61.5,50.8,67.9,16.4,65.2,7.23,90.8,Onion
77.5,52.5,49.2,30.4,59.0,6.33,58.7,Onion
86.3,61.0,63.3,26.2,62.8,6.28,84.7,Onion
70.3,57.7,70.6,24.8,73.5,7.59,59.9,Onion
68.9,40.7,76.5,20.9,69.3,6.4,85.6,Onion
69.7,44.0,61.2,20.5,66.1,6.68,71.9,Onion
72.8,46.7,58.9,30.2,63.9,5.91,54.7,Onion
75.7,59.2,68.9,19.0,77.0,6.69,81.2,Onion
66.3,38.0,53.7,10.3,75.2,6.79,48.6,Onion
78.4,50.9,66.4,27.0,60.8,6.35,74.9,Onion
81.0,50.5,76.1,20.9,57.1,6.87,52.4,Onion
78.7,45.8,60.0,29.6,60.1,6.38,80.1,Onion
67.1,46.5,66.1,26.0,69.8,6.4,71.4,Onion
71.5,47.0,70.0,20.4,64.2,6.76,46.4,Onion
82.2,52.8,50.1,23.5,57.9,7.14,40.8,Onion
72.3,51.8,62.8,25.4,53.4,7.36,70.4,Onion
85.2,54.4,62.4,17.7,59.1,7.34,83.3,Onion
70.4,35.9,61.2,21.4,61.0,6.91,75.6,Onion
82.4,52.2,51.2,21.2,76.3,6.85,68.0,Onion
77.7,52.1,47.6,21.6,62.3,7.21,63.2,Onion
62.7,52.2,57.5,17.9,57.5,6.92,81.4,Onion
78.6,53.2,65.5,22.9,66.7,5.73,64.2,Onion
67.2,55.8,61.6,22.6,53.5,7.11,71.9,Onion
79.2,45.9,57.7,23.3,58.3,6.87,30.1,Onion
71.3,59.0,65.2,23.1,74.4,5.77,50.3,Onion
72.0,54.3,68.0,19.3,68.5,6.54,80.7,Onion
67.3,49.4,59.4,26.5,59.4,6.68,70.1,Onion
79.1,54.4,63.8,20.9,60.4,6.71,66.2,Onion
73.9,50.1,53.0,25.0,63.6,7.1,62.5,Onion
62.0,48.2,61.3,25.3,50.1,6.72,70.2,Onion
70.0,50.4,58.6,19.8,60.0,6.42,72.8,Onion
69.5,45.5,73.5,26.1,51.3,6.39,66.1,Onion
77.4,42.5,69.7,25.6,65.4,7.24,69.3,Onion
78.4,57.8,69.4,19.3,66.3,6.43,70.1,Onion
78.6,43.1,61.7,23.5,59.9,6.83,74.6,Onion
74.8,51.1,71.1,24.3,63.7,6.32,72.6,Onion
77.5,56.4,62.8,15.7,52.3,6.99,53.9,Onion
78.3,50.6,61.5,22.1,57.3,6.69,53.7,Onion
72.2,48.4,61.1,26.0,61.7,7.11,85.6,Onion
81.4,52.7,64.5,25.7,63.0,7.09,71.7,Onion
72.3,54.5,63.1,22.1,59.6,6.77,77.4,Onion
81.7,51.8,66.2,27.3,61.6,6.25,82.0,Onion
71.0,46.5,51.3,24.6,52.8,6.4,71.3,Onion
80.4,46.7,61.7,19.2,59.2,6.81,55.0,Onion
73.2,42.7,69.6,24.4,67.3,7.22,50.1,Onion
72.3,40.5,82.1,21.9,68.7,6.2,77.4,Onion
88.9,49.7,56.2,22.0,49.1,6.68,74.8,Onion
74.7,48.6,65.8,24.8,52.5,6.74,99.0,Onion
65.0,49.6,74.6,26.6,59.4,6.78,62.5,Onion
69.4,49.6,60.8,22.9,58.0,6.19,61.9,Onion
87.9,50.4,60.4,25.3,61.6,7.45,62.4,Onion
80.3,46.2,65.6,23.5,62.2,6.5,52.9,Onion
77.1,53.1,61.7,23.6,62.3,6.74,59.5,Onion
75.1,63.5,64.4,24.9,65.1,6.59,81.9,Onion
72.8,55.3,60.4,18.9,64.7,6.26,70.5,Onion
66.0,48.4,53.6,33.1,52.6,6.7,79.6,Onion
82.8,54.3,60.5,27.6,68.0,6.78,66.1,Onion
72.7,45.5,70.2,27.4,57.2,6.64,60.3,Onion
74.8,50.3,68.4,19.7,57.4,7.19,55.6,Onion
65.5,47.6,60.4,28.3,68.0,7.16,74.8,Onion
82.1,46.6,61.3,18.8,61.2,6.97,64.5,Onion
84.8,44.3,65.6,17.8,63.1,7.0,59.3,Onion
79.1,45.2,52.1,24.6,73.0,6.3,80.8,Onion
75.3,43.3,55.4,22.6,60.1,6.17,37.1,Onion
68.6,51.0,62.5,20.6,63.7,7.12,68.4,Onion
74.1,54.6,56.5,21.7,61.3,6.21,56.2,Onion
59.4,59.6,56.6,28.4,62.7,6.93,55.2,Onion
76.6,53.3,66.7,25.4,60.3,6.51,38.6,Onion
78.9,55.4,72.6,23.6,57.9,6.02,78.1,Onion
61.5,48.3,61.1,22.2,62.7,6.76,26.3,Onion
75.1,38.9,67.1,20.4,49.6,6.37,53.9,Onion
83.9,51.0,64.7,26.9,61.9,7.0,72.8,Onion
65.4,57.4,53.6,25.9,53.4,6.94,90.4,Onion
73.4,48.7,66.3,21.3,73.4,6.78,57.7,Onion
70.9,45.3,58.6,21.2,59.6,6.44,94.0,Onion
